<ToadOracle>
	<FileVersion Encryption="AES">1</FileVersion>
	<ConnectionHierarchy>
		<DbPlatform name="Oracle">
			<Connections>
				<Connection type="Oracle">
					<User>
						<![CDATA[SYS]]>
					</User>
					<Server>VM_PDB</Server>
					<AutoConnect>False</AutoConnect>
					<Home>C:\Software\Oracle\database\product\12.2.0\dbhome_1</Home>
					<SavePassword>False</SavePassword>
					<Password>eWwggmKgouJD4X7IqkkaVJm0uxgO4WvKi9bwnA==</Password>
					<Favorite>False</Favorite>
					<SessionReadOnly>False</SessionReadOnly>
					<Alias/>
					<Host/>
					<InstanceName/>
					<Sid/>
					<Port/>
					<LDAP/>
					<ConnectionType>Client</ConnectionType>
					<Protocol/>
					<Color>8388736</Color>
					<ConnectionMode>SYSDBA</ConnectionMode>
					<LastConnectionDate>2018-05-21T09:11:12.289Z</LastConnectionDate>
					<RelativePosition>7</RelativePosition>
					<GUID>{5835FB7C-4F0A-442D-9AD8-FB610C105CC1}</GUID>
					<CustomFields/>
				</Connection>
				<Connection type="Oracle">
					<User>
						<![CDATA[C##DBSS]]>
					</User>
					<Server>VM_PDB</Server>
					<AutoConnect>False</AutoConnect>
					<Home>C:\Software\Oracle\database\product\12.2.0\dbhome_1</Home>
					<SavePassword>False</SavePassword>
					<Password>b3g6tK8Odmwg3NzlWO7ttVKr+bhCESIaUST+jQ==</Password>
					<Favorite>False</Favorite>
					<SessionReadOnly>False</SessionReadOnly>
					<Alias/>
					<Host/>
					<InstanceName/>
					<Sid/>
					<Port/>
					<LDAP/>
					<ConnectionType>Client</ConnectionType>
					<Protocol/>
					<Color>65280</Color>
					<ConnectionMode>Default</ConnectionMode>
					<LastConnectionDate>2018-05-21T08:03:19.313Z</LastConnectionDate>
					<RelativePosition>3</RelativePosition>
					<GUID>{669461E8-8B28-49F6-ABF6-E56D5DEF561A}</GUID>
					<CustomFields/>
				</Connection>
				<Connection type="Oracle">
					<User>
						<![CDATA[SYS]]>
					</User>
					<Server>VM_CDB</Server>
					<AutoConnect>False</AutoConnect>
					<Home>C:\Software\Oracle\database\product\12.2.0\dbhome_1</Home>
					<SavePassword>False</SavePassword>
					<Password>ZQEBPC9HMmFkC2IrRxIEFLAv+psJEHQcHVBjtQ==</Password>
					<Favorite>False</Favorite>
					<SessionReadOnly>False</SessionReadOnly>
					<Alias/>
					<Host/>
					<InstanceName/>
					<Sid/>
					<Port/>
					<LDAP/>
					<ConnectionType>Client</ConnectionType>
					<Protocol/>
					<Color>255</Color>
					<ConnectionMode>SYSDBA</ConnectionMode>
					<LastConnectionDate>2018-05-16T03:49:00.704Z</LastConnectionDate>
					<RelativePosition>6</RelativePosition>
					<GUID>{EAC22A12-D86E-42C9-817D-5E61B1C9F419}</GUID>
					<CustomFields/>
				</Connection>
				<Connection type="Oracle">
					<User>
						<![CDATA[C##DBSS]]>
					</User>
					<Server>VM_PDB</Server>
					<AutoConnect>False</AutoConnect>
					<Home>C:\Software\Oracle\database\product\12.2.0\dbhome_1</Home>
					<SavePassword>False</SavePassword>
					<Password>0z5kIz54KRDcSmSMwLkLGJ5qt7qk8Ui3rkkFhQ==</Password>
					<Favorite>False</Favorite>
					<SessionReadOnly>False</SessionReadOnly>
					<Alias/>
					<Host/>
					<InstanceName/>
					<Sid/>
					<Port/>
					<LDAP/>
					<ConnectionType>Client</ConnectionType>
					<Protocol/>
					<Color>65535</Color>
					<ConnectionMode>SYSDBA</ConnectionMode>
					<LastConnectionDate>2018-05-14T16:23:30.549Z</LastConnectionDate>
					<RelativePosition>6</RelativePosition>
					<GUID>{7CE4FB65-F719-445A-9177-B159F66D8AE5}</GUID>
					<CustomFields/>
				</Connection>
				<Connection type="Oracle">
					<User>
						<![CDATA[UT3]]>
					</User>
					<Server>VM_PDB</Server>
					<AutoConnect>False</AutoConnect>
					<Home>C:\Software\Oracle\database\product\12.2.0\dbhome_1</Home>
					<SavePassword>False</SavePassword>
					<Password>GPDeCK3kfiaCRfhU94CepESyUaj/gOXyO2AQ2g==</Password>
					<Favorite>False</Favorite>
					<SessionReadOnly>False</SessionReadOnly>
					<Alias/>
					<Host/>
					<InstanceName/>
					<Sid/>
					<Port/>
					<LDAP/>
					<ConnectionType>Client</ConnectionType>
					<Protocol/>
					<Color>16711680</Color>
					<ConnectionMode>Default</ConnectionMode>
					<LastConnectionDate>2018-05-08T18:37:00.954Z</LastConnectionDate>
					<RelativePosition>5</RelativePosition>
					<GUID>{98C55E24-9A5E-4481-98FD-0A4C2F79564D}</GUID>
					<CustomFields/>
				</Connection>
				<Connection type="Oracle">
					<User>
						<![CDATA[C##DBSS]]>
					</User>
					<Server>VM_CDB</Server>
					<AutoConnect>False</AutoConnect>
					<Home>C:\Software\Oracle\database\product\12.2.0\dbhome_1</Home>
					<SavePassword>False</SavePassword>
					<Password>dZfBQic8tAuIjol4gdxc/kYOKG83MSZjaE11uQ==</Password>
					<Favorite>False</Favorite>
					<SessionReadOnly>False</SessionReadOnly>
					<Alias/>
					<Host/>
					<InstanceName/>
					<Sid/>
					<Port/>
					<LDAP/>
					<ConnectionType>Client</ConnectionType>
					<Protocol/>
					<Color>32768</Color>
					<ConnectionMode>Default</ConnectionMode>
					<LastConnectionDate>2018-05-08T18:18:46.698Z</LastConnectionDate>
					<RelativePosition>4</RelativePosition>
					<GUID>{72EA3D6B-DFA5-4C0E-B9F2-3E72360310D0}</GUID>
					<CustomFields/>
				</Connection>
				<Connection type="Oracle">
					<User>
						<![CDATA[SYS]]>
					</User>
					<Server>LOCALHOST:1521/ORCL</Server>
					<AutoConnect>False</AutoConnect>
					<Home>C:\Software\Oracle\database\product\12.2.0\client_1</Home>
					<SavePassword>False</SavePassword>
					<Password>dCW4aRXioArPfbK6oWOEUPUGuVgFC0KG/rl2RQ==</Password>
					<Favorite>False</Favorite>
					<SessionReadOnly>False</SessionReadOnly>
					<Alias/>
					<Host>LOCALHOST</Host>
					<InstanceName/>
					<Sid>ORCL</Sid>
					<Port>1521</Port>
					<LDAP/>
					<ConnectionType ServiceName="True">Direct</ConnectionType>
					<Protocol>TCP</Protocol>
					<Color>255</Color>
					<ConnectionMode>SYSDBA</ConnectionMode>
					<LastConnectionDate>2018-04-28T07:09:20.349Z</LastConnectionDate>
					<RelativePosition>0</RelativePosition>
					<GUID>{D9C741AE-1028-406B-8E17-79205EE4B0A8}</GUID>
					<CustomFields/>
				</Connection>
			</Connections>
		</DbPlatform>
	</ConnectionHierarchy>
</ToadOracle>
