<History><Object><Type>VIEW</Type><Schema>SYS</Schema><Name>DBA_CONTEXT</Name><Valid>True</Valid><Enabled>True</Enabled><XtraData>ColumnName	ColID	Null	DataType	Default	Comments	Updatable	SearchedForComment	RealDataType	IsBinaryXML
NAMESPACE	1	N	VARCHAR2 (128 Byte)					VARCHAR2	False
SCHEMA	2	N	VARCHAR2 (128 Byte)					VARCHAR2	False
PACKAGE	3	N	VARCHAR2 (128 Byte)					VARCHAR2	False
TYPE	4	Y	VARCHAR2 (22 Byte)					VARCHAR2	False
ORIGIN_CON_ID	5	Y	NUMBER					NUMBER	False
</XtraData><XtraFlag>-1</XtraFlag><Table></Table><TableSchema></TableSchema><Wrapped>False</Wrapped><WrapChecked>True</WrapChecked><ObjID>7770</ObjID></Object><Object><Type>VIEW</Type><Schema>SYS</Schema><Name>SESSION_CONTEXT</Name><Valid>True</Valid><Enabled>True</Enabled><XtraData>ColumnName	ColID	Null	DataType	Default	Comments	Updatable	SearchedForComment	RealDataType	IsBinaryXML
NAMESPACE	1	Y	VARCHAR2 (128 Byte)					VARCHAR2	False
ATTRIBUTE	2	Y	VARCHAR2 (128 Byte)					VARCHAR2	False
VALUE	3	Y	VARCHAR2 (4000 Byte)					VARCHAR2	False
</XtraData><XtraFlag>-1</XtraFlag><Table></Table><TableSchema></TableSchema><Wrapped>False</Wrapped><WrapChecked>True</WrapChecked><ObjID>7765</ObjID></Object><Object><Type>VIEW</Type><Schema>SYS</Schema><Name>V_$CONTEXT</Name><Valid>True</Valid><Enabled>True</Enabled><XtraData>ColumnName	ColID	Null	DataType	Default	Comments	Updatable	SearchedForComment	RealDataType	IsBinaryXML
NAMESPACE	1	Y	VARCHAR2 (128 Byte)					VARCHAR2	False
ATTRIBUTE	2	Y	VARCHAR2 (128 Byte)					VARCHAR2	False
VALUE	3	Y	VARCHAR2 (4000 Byte)					VARCHAR2	False
CON_ID	4	Y	NUMBER					NUMBER	False
</XtraData><XtraFlag>-1</XtraFlag><Table></Table><TableSchema></TableSchema><Wrapped>False</Wrapped><WrapChecked>True</WrapChecked><ObjID>7761</ObjID></Object><Object><Type>VIEW</Type><Schema>SYS</Schema><Name>V_$DATABASE</Name><Valid>True</Valid><Enabled>True</Enabled><XtraData>ColumnName	ColID	Null	DataType	Default	Comments	Updatable	SearchedForComment	RealDataType	IsBinaryXML
DBID	1	Y	NUMBER					NUMBER	False
NAME	2	Y	VARCHAR2 (9 Byte)					VARCHAR2	False
CREATED	3	Y	DATE					DATE	False
RESETLOGS_CHANGE#	4	Y	NUMBER					NUMBER	False
RESETLOGS_TIME	5	Y	DATE					DATE	False
PRIOR_RESETLOGS_CHANGE#	6	Y	NUMBER					NUMBER	False
PRIOR_RESETLOGS_TIME	7	Y	DATE					DATE	False
LOG_MODE	8	Y	VARCHAR2 (12 Byte)					VARCHAR2	False
CHECKPOINT_CHANGE#	9	Y	NUMBER					NUMBER	False
ARCHIVE_CHANGE#	10	Y	NUMBER					NUMBER	False
CONTROLFILE_TYPE	11	Y	VARCHAR2 (7 Byte)					VARCHAR2	False
CONTROLFILE_CREATED	12	Y	DATE					DATE	False
CONTROLFILE_SEQUENCE#	13	Y	NUMBER					NUMBER	False
CONTROLFILE_CHANGE#	14	Y	NUMBER					NUMBER	False
CONTROLFILE_TIME	15	Y	DATE					DATE	False
OPEN_RESETLOGS	16	Y	VARCHAR2 (11 Byte)					VARCHAR2	False
VERSION_TIME	17	Y	DATE					DATE	False
OPEN_MODE	18	Y	VARCHAR2 (20 Byte)					VARCHAR2	False
PROTECTION_MODE	19	Y	VARCHAR2 (20 Byte)					VARCHAR2	False
PROTECTION_LEVEL	20	Y	VARCHAR2 (20 Byte)					VARCHAR2	False
REMOTE_ARCHIVE	21	Y	VARCHAR2 (8 Byte)					VARCHAR2	False
ACTIVATION#	22	Y	NUMBER					NUMBER	False
SWITCHOVER#	23	Y	NUMBER					NUMBER	False
DATABASE_ROLE	24	Y	VARCHAR2 (16 Byte)					VARCHAR2	False
ARCHIVELOG_CHANGE#	25	Y	NUMBER					NUMBER	False
ARCHIVELOG_COMPRESSION	26	Y	VARCHAR2 (8 Byte)					VARCHAR2	False
SWITCHOVER_STATUS	27	Y	VARCHAR2 (20 Byte)					VARCHAR2	False
DATAGUARD_BROKER	28	Y	VARCHAR2 (8 Byte)					VARCHAR2	False
GUARD_STATUS	29	Y	VARCHAR2 (7 Byte)					VARCHAR2	False
SUPPLEMENTAL_LOG_DATA_MIN	30	Y	VARCHAR2 (8 Byte)					VARCHAR2	False
SUPPLEMENTAL_LOG_DATA_PK	31	Y	VARCHAR2 (3 Byte)					VARCHAR2	False
SUPPLEMENTAL_LOG_DATA_UI	32	Y	VARCHAR2 (3 Byte)					VARCHAR2	False
FORCE_LOGGING	33	Y	VARCHAR2 (39 Byte)					VARCHAR2	False
PLATFORM_ID	34	Y	NUMBER					NUMBER	False
PLATFORM_NAME	35	Y	VARCHAR2 (101 Byte)					VARCHAR2	False
RECOVERY_TARGET_INCARNATION#	36	Y	NUMBER					NUMBER	False
LAST_OPEN_INCARNATION#	37	Y	NUMBER					NUMBER	False
CURRENT_SCN	38	Y	NUMBER					NUMBER	False
FLASHBACK_ON	39	Y	VARCHAR2 (18 Byte)					VARCHAR2	False
SUPPLEMENTAL_LOG_DATA_FK	40	Y	VARCHAR2 (3 Byte)					VARCHAR2	False
SUPPLEMENTAL_LOG_DATA_ALL	41	Y	VARCHAR2 (3 Byte)					VARCHAR2	False
DB_UNIQUE_NAME	42	Y	VARCHAR2 (30 Byte)					VARCHAR2	False
STANDBY_BECAME_PRIMARY_SCN	43	Y	NUMBER					NUMBER	False
FS_FAILOVER_STATUS	44	Y	VARCHAR2 (22 Byte)					VARCHAR2	False
FS_FAILOVER_CURRENT_TARGET	45	Y	VARCHAR2 (30 Byte)					VARCHAR2	False
FS_FAILOVER_THRESHOLD	46	Y	NUMBER					NUMBER	False
FS_FAILOVER_OBSERVER_PRESENT	47	Y	VARCHAR2 (7 Byte)					VARCHAR2	False
FS_FAILOVER_OBSERVER_HOST	48	Y	VARCHAR2 (512 Byte)					VARCHAR2	False
CONTROLFILE_CONVERTED	49	Y	VARCHAR2 (3 Byte)					VARCHAR2	False
PRIMARY_DB_UNIQUE_NAME	50	Y	VARCHAR2 (30 Byte)					VARCHAR2	False
SUPPLEMENTAL_LOG_DATA_PL	51	Y	VARCHAR2 (3 Byte)					VARCHAR2	False
MIN_REQUIRED_CAPTURE_CHANGE#	52	Y	NUMBER					NUMBER	False
CDB	53	Y	VARCHAR2 (3 Byte)					VARCHAR2	False
CON_ID	54	Y	NUMBER					NUMBER	False
PENDING_ROLE_CHANGE_TASKS	55	Y	VARCHAR2 (512 Byte)					VARCHAR2	False
CON_DBID	56	Y	NUMBER					NUMBER	False
FORCE_FULL_DB_CACHING	57	Y	VARCHAR2 (3 Byte)					VARCHAR2	False
</XtraData><XtraFlag>-1</XtraFlag><Table></Table><TableSchema></TableSchema><Wrapped>False</Wrapped><WrapChecked>True</WrapChecked><ObjID>2029</ObjID></Object><Object><Type>VIEW</Type><Schema>SYS</Schema><Name>ALL_DIRECTORIES</Name><Valid>True</Valid><Enabled>True</Enabled><XtraData>ColumnName	ColID	Null	DataType	Default	Comments	Updatable	SearchedForComment	RealDataType	IsBinaryXML
OWNER	1	N	VARCHAR2 (128 Byte)					VARCHAR2	False
DIRECTORY_NAME	2	N	VARCHAR2 (128 Byte)					VARCHAR2	False
DIRECTORY_PATH	3	Y	VARCHAR2 (4000 Byte)					VARCHAR2	False
ORIGIN_CON_ID	4	Y	NUMBER					NUMBER	False
</XtraData><XtraFlag>-1</XtraFlag><Table></Table><TableSchema></TableSchema><Wrapped>False</Wrapped><WrapChecked>True</WrapChecked><ObjID>5283</ObjID></Object><Object><Type>VIEW</Type><Schema>SYS</Schema><Name>V_$EXADIRECT_ACL</Name><Valid>True</Valid><Enabled>True</Enabled><XtraData>ColumnName	ColID	Null	DataType	Default	Comments	Updatable	SearchedForComment	RealDataType	IsBinaryXML
SERVICE_NAME	1	Y	VARCHAR2 (513 Byte)					VARCHAR2	False
SGID	2	Y	VARCHAR2 (40 Byte)					VARCHAR2	False
CON_ID	3	Y	NUMBER					NUMBER	False
</XtraData><XtraFlag>-1</XtraFlag><Table></Table><TableSchema></TableSchema><Wrapped>False</Wrapped><WrapChecked>True</WrapChecked><ObjID>4324</ObjID></Object><Object><Type>VIEW</Type><Schema>SYS</Schema><Name>V_$DIAG_DIR_EXT</Name><Valid>True</Valid><Enabled>True</Enabled><XtraData>ColumnName	ColID	Null	DataType	Default	Comments	Updatable	SearchedForComment	RealDataType	IsBinaryXML
ADDR	1	Y	RAW (8)					RAW	False
INDX	2	Y	NUMBER					NUMBER	False
INST_ID	3	Y	NUMBER					NUMBER	False
CON_ID	4	Y	NUMBER					NUMBER	False
ADR_PATH_IDX	5	Y	VARCHAR2 (445 Byte)					VARCHAR2	False
ADR_HOME	6	Y	VARCHAR2 (445 Byte)					VARCHAR2	False
PHYSICAL_PATH	7	Y	VARCHAR2 (447 Byte)					VARCHAR2	False
LOGICAL_PATH	8	Y	VARCHAR2 (447 Byte)					VARCHAR2	False
PHYSICAL_FILENAME	9	Y	VARCHAR2 (71 Byte)					VARCHAR2	False
LOGICAL_FILENAME	10	Y	VARCHAR2 (71 Byte)					VARCHAR2	False
TYPE	11	Y	NUMBER					NUMBER	False
LEVEL	12	Y	NUMBER					NUMBER	False
CREATION_TIMESTAMP	13	Y	TIMESTAMP(9) WITH TIME ZONE					TIMESTAMP(9) WITH TIME ZONE	False
MODIFICATION_TIMESTAMP	14	Y	TIMESTAMP(9) WITH TIME ZONE					TIMESTAMP(9) WITH TIME ZONE	False
ROOT_DIR	15	Y	VARCHAR2 (447 Byte)					VARCHAR2	False
</XtraData><XtraFlag>-1</XtraFlag><Table></Table><TableSchema></TableSchema><Wrapped>False</Wrapped><WrapChecked>True</WrapChecked><ObjID>9855</ObjID></Object><Object><Type>VIEW</Type><Schema>SYS</Schema><Name>KU$_DIRECTORY_VIEW</Name><Valid>True</Valid><Enabled>True</Enabled><XtraData>ColumnName	ColID	Null	DataType	Default	Comments	Updatable	SearchedForComment	RealDataType	IsBinaryXML
VERS_MAJOR	1	Y	CHAR (1 Byte)					CHAR	False
VERS_MINOR	2	Y	CHAR (1 Byte)					CHAR	False
OBJ_NUM	3	Y	NUMBER					NUMBER	False
SCHEMA_OBJ	4	Y	KU$_SCHEMAOBJ_T					KU$_SCHEMAOBJ_T	False
AUDIT_VAL	5	Y	VARCHAR2 (38 Byte)					VARCHAR2	False
OS_PATH	6	Y	VARCHAR2 (4000 Byte)					VARCHAR2	False
</XtraData><XtraFlag>-1</XtraFlag><Table></Table><TableSchema></TableSchema><Wrapped>False</Wrapped><WrapChecked>True</WrapChecked><ObjID>15977</ObjID></Object><Object><Type>DIRECTORY</Type><Schema>SYS</Schema><Name>DBSS_APPS_DIR</Name><Valid>True</Valid><Enabled>True</Enabled><XtraData>".$orabase."/local/c##dbss/bin</XtraData><XtraFlag>-1</XtraFlag><Table></Table><TableSchema></TableSchema><Wrapped>False</Wrapped><WrapChecked>True</WrapChecked><ObjID>-1</ObjID></Object><Object><Type>DIRECTORY</Type><Schema>SYS</Schema><Name>ORACLE_BASE</Name><Valid>True</Valid><Enabled>True</Enabled><XtraData>/u01/app/oracle</XtraData><XtraFlag>-1</XtraFlag><Table></Table><TableSchema></TableSchema><Wrapped>False</Wrapped><WrapChecked>True</WrapChecked><ObjID>-1</ObjID></Object><Object><Type>DIRECTORY</Type><Schema>SYS</Schema><Name>OPATCH_SCRIPT_DIR</Name><Valid>True</Valid><Enabled>True</Enabled><XtraData>/u01/app/oracle/product/12.2/db_1/QOpatch</XtraData><XtraFlag>-1</XtraFlag><Table></Table><TableSchema></TableSchema><Wrapped>False</Wrapped><WrapChecked>True</WrapChecked><ObjID>-1</ObjID></Object><Object><Type>DIRECTORY</Type><Schema>SYS</Schema><Name>ORA_DBMS_FCP_LOGDIR</Name><Valid>True</Valid><Enabled>True</Enabled><XtraData>/u01/app/oracle/product/12.2/db_1/cfgtoollogs</XtraData><XtraFlag>-1</XtraFlag><Table></Table><TableSchema></TableSchema><Wrapped>False</Wrapped><WrapChecked>True</WrapChecked><ObjID>-1</ObjID></Object><Object><Type>DIRECTORY</Type><Schema>SYS</Schema><Name>XMLDIR</Name><Valid>True</Valid><Enabled>True</Enabled><XtraData>/u01/app/oracle/product/12.2/db_1/rdbms/xml</XtraData><XtraFlag>-1</XtraFlag><Table></Table><TableSchema></TableSchema><Wrapped>False</Wrapped><WrapChecked>True</WrapChecked><ObjID>-1</ObjID></Object><Object><Type>DIRECTORY</Type><Schema>SYS</Schema><Name>XSDDIR</Name><Valid>True</Valid><Enabled>True</Enabled><XtraData>/u01/app/oracle/product/12.2/db_1/rdbms/xml/schema</XtraData><XtraFlag>-1</XtraFlag><Table></Table><TableSchema></TableSchema><Wrapped>False</Wrapped><WrapChecked>True</WrapChecked><ObjID>-1</ObjID></Object><Object><Type>DIRECTORY</Type><Schema>SYS</Schema><Name>EXPIMP_DIR</Name><Valid>True</Valid><Enabled>True</Enabled><XtraData>".$datapumpdir."</XtraData><XtraFlag>-1</XtraFlag><Table></Table><TableSchema></TableSchema><Wrapped>False</Wrapped><WrapChecked>True</WrapChecked><ObjID>-1</ObjID></Object><Object><Type>DIRECTORY</Type><Schema>SYS</Schema><Name>DATA_PUMP_DIR</Name><Valid>True</Valid><Enabled>True</Enabled><XtraData>/u01/app/oracle/admin/orcl12c/dpdump/</XtraData><XtraFlag>-1</XtraFlag><Table></Table><TableSchema></TableSchema><Wrapped>False</Wrapped><WrapChecked>True</WrapChecked><ObjID>-1</ObjID></Object><Object><Type>DIRECTORY</Type><Schema>SYS</Schema><Name>ORACLE_HOME</Name><Valid>True</Valid><Enabled>True</Enabled><XtraData>/u01/app/oracle/product/12.2/db_1</XtraData><XtraFlag>-1</XtraFlag><Table></Table><TableSchema></TableSchema><Wrapped>False</Wrapped><WrapChecked>True</WrapChecked><ObjID>-1</ObjID></Object><Object><Type>VIEW</Type><Schema>SYS</Schema><Name>V_$CONTAINERS</Name><Valid>True</Valid><Enabled>True</Enabled><XtraData>ColumnName	ColID	Null	DataType	Default	Comments	Updatable	SearchedForComment	RealDataType	IsBinaryXML
CON_ID	1	Y	NUMBER					NUMBER	False
DBID	2	Y	NUMBER					NUMBER	False
CON_UID	3	Y	NUMBER					NUMBER	False
GUID	4	Y	RAW (16)					RAW	False
NAME	5	Y	VARCHAR2 (128 Byte)					VARCHAR2	False
OPEN_MODE	6	Y	VARCHAR2 (10 Byte)					VARCHAR2	False
RESTRICTED	7	Y	VARCHAR2 (3 Byte)					VARCHAR2	False
OPEN_TIME	8	Y	TIMESTAMP(3) WITH TIME ZONE					TIMESTAMP(3) WITH TIME ZONE	False
CREATE_SCN	9	Y	NUMBER					NUMBER	False
TOTAL_SIZE	10	Y	NUMBER					NUMBER	False
BLOCK_SIZE	11	Y	NUMBER					NUMBER	False
RECOVERY_STATUS	12	Y	VARCHAR2 (8 Byte)					VARCHAR2	False
SNAPSHOT_PARENT_CON_ID	13	Y	NUMBER					NUMBER	False
APPLICATION_ROOT	14	Y	VARCHAR2 (3 Byte)					VARCHAR2	False
APPLICATION_PDB	15	Y	VARCHAR2 (3 Byte)					VARCHAR2	False
APPLICATION_SEED	16	Y	VARCHAR2 (3 Byte)					VARCHAR2	False
APPLICATION_ROOT_CON_ID	17	Y	NUMBER					NUMBER	False
APPLICATION_ROOT_CLONE	18	Y	VARCHAR2 (3 Byte)					VARCHAR2	False
PROXY_PDB	19	Y	VARCHAR2 (3 Byte)					VARCHAR2	False
LOCAL_UNDO	20	Y	NUMBER					NUMBER	False
UNDO_SCN	21	Y	NUMBER					NUMBER	False
UNDO_TIMESTAMP	22	Y	DATE					DATE	False
CREATION_TIME	23	Y	DATE					DATE	False
PDB_COUNT	24	Y	NUMBER					NUMBER	False
AUDIT_FILES_SIZE	25	Y	NUMBER					NUMBER	False
MAX_SIZE	26	Y	NUMBER					NUMBER	False
MAX_DIAGNOSTICS_SIZE	27	Y	NUMBER					NUMBER	False
MAX_AUDIT_SIZE	28	Y	NUMBER					NUMBER	False
</XtraData><XtraFlag>-1</XtraFlag><Table></Table><TableSchema></TableSchema><Wrapped>False</Wrapped><WrapChecked>True</WrapChecked><ObjID>3964</ObjID></Object><Object><Type>VIEW</Type><Schema>SYS</Schema><Name>V_$PDBS</Name><Valid>True</Valid><Enabled>True</Enabled><XtraData>ColumnName	ColID	Null	DataType	Default	Comments	Updatable	SearchedForComment	RealDataType	IsBinaryXML
CON_ID	1	Y	NUMBER					NUMBER	False
DBID	2	Y	NUMBER					NUMBER	False
CON_UID	3	Y	NUMBER					NUMBER	False
GUID	4	Y	RAW (16)					RAW	False
NAME	5	Y	VARCHAR2 (128 Byte)					VARCHAR2	False
OPEN_MODE	6	Y	VARCHAR2 (10 Byte)					VARCHAR2	False
RESTRICTED	7	Y	VARCHAR2 (3 Byte)					VARCHAR2	False
OPEN_TIME	8	Y	TIMESTAMP(3) WITH TIME ZONE					TIMESTAMP(3) WITH TIME ZONE	False
CREATE_SCN	9	Y	NUMBER					NUMBER	False
TOTAL_SIZE	10	Y	NUMBER					NUMBER	False
BLOCK_SIZE	11	Y	NUMBER					NUMBER	False
RECOVERY_STATUS	12	Y	VARCHAR2 (8 Byte)					VARCHAR2	False
SNAPSHOT_PARENT_CON_ID	13	Y	NUMBER					NUMBER	False
APPLICATION_ROOT	14	Y	VARCHAR2 (3 Byte)					VARCHAR2	False
APPLICATION_PDB	15	Y	VARCHAR2 (3 Byte)					VARCHAR2	False
APPLICATION_SEED	16	Y	VARCHAR2 (3 Byte)					VARCHAR2	False
APPLICATION_ROOT_CON_ID	17	Y	NUMBER					NUMBER	False
APPLICATION_ROOT_CLONE	18	Y	VARCHAR2 (3 Byte)					VARCHAR2	False
PROXY_PDB	19	Y	VARCHAR2 (3 Byte)					VARCHAR2	False
LOCAL_UNDO	20	Y	NUMBER					NUMBER	False
UNDO_SCN	21	Y	NUMBER					NUMBER	False
UNDO_TIMESTAMP	22	Y	DATE					DATE	False
CREATION_TIME	23	Y	DATE					DATE	False
DIAGNOSTICS_SIZE	24	Y	NUMBER					NUMBER	False
PDB_COUNT	25	Y	NUMBER					NUMBER	False
AUDIT_FILES_SIZE	26	Y	NUMBER					NUMBER	False
MAX_SIZE	27	Y	NUMBER					NUMBER	False
MAX_DIAGNOSTICS_SIZE	28	Y	NUMBER					NUMBER	False
MAX_AUDIT_SIZE	29	Y	NUMBER					NUMBER	False
</XtraData><XtraFlag>-1</XtraFlag><Table></Table><TableSchema></TableSchema><Wrapped>False</Wrapped><WrapChecked>True</WrapChecked><ObjID>3960</ObjID></Object><Object><Type>USER</Type><Schema></Schema><Name>C##DBSS</Name><Valid>True</Valid><Enabled>True</Enabled><XtraData>OPEN</XtraData><XtraFlag>-1</XtraFlag><Table>USERS</Table><TableSchema>TEMP</TableSchema><Wrapped>False</Wrapped><WrapChecked>True</WrapChecked><ObjID>156</ObjID></Object><Object><Type>VIEW</Type><Schema>SYS</Schema><Name>V_$RESTORE_POINT</Name><Valid>True</Valid><Enabled>True</Enabled><XtraData>ColumnName	ColID	Null	DataType	Default	Comments	Updatable	SearchedForComment	RealDataType	IsBinaryXML
SCN	1	Y	NUMBER					NUMBER	False
DATABASE_INCARNATION#	2	Y	NUMBER					NUMBER	False
GUARANTEE_FLASHBACK_DATABASE	3	Y	VARCHAR2 (3 Byte)					VARCHAR2	False
STORAGE_SIZE	4	Y	NUMBER					NUMBER	False
TIME	5	Y	TIMESTAMP(9)					TIMESTAMP(9)	False
RESTORE_POINT_TIME	6	Y	TIMESTAMP(9)					TIMESTAMP(9)	False
PRESERVED	7	Y	VARCHAR2 (3 Byte)					VARCHAR2	False
NAME	8	Y	VARCHAR2 (128 Byte)					VARCHAR2	False
PDB_RESTORE_POINT	9	Y	VARCHAR2 (3 Byte)					VARCHAR2	False
CLEAN_PDB_RESTORE_POINT	10	Y	VARCHAR2 (3 Byte)					VARCHAR2	False
PDB_INCARNATION#	11	Y	NUMBER					NUMBER	False
CON_ID	12	Y	NUMBER					NUMBER	False
</XtraData><XtraFlag>-1</XtraFlag><Table></Table><TableSchema></TableSchema><Wrapped>False</Wrapped><WrapChecked>True</WrapChecked><ObjID>1967</ObjID></Object><Object><Type>VIEW</Type><Schema>SYS</Schema><Name>V_$PARAMETER2</Name><Valid>True</Valid><Enabled>True</Enabled><XtraData>ColumnName	ColID	Null	DataType	Default	Comments	Updatable	SearchedForComment	RealDataType	IsBinaryXML
NUM	1	Y	NUMBER					NUMBER	False
NAME	2	Y	VARCHAR2 (80 Byte)					VARCHAR2	False
TYPE	3	Y	NUMBER					NUMBER	False
VALUE	4	Y	VARCHAR2 (4000 Byte)					VARCHAR2	False
DISPLAY_VALUE	5	Y	VARCHAR2 (4000 Byte)					VARCHAR2	False
ISDEFAULT	6	Y	VARCHAR2 (6 Byte)					VARCHAR2	False
ISSES_MODIFIABLE	7	Y	VARCHAR2 (5 Byte)					VARCHAR2	False
ISSYS_MODIFIABLE	8	Y	VARCHAR2 (9 Byte)					VARCHAR2	False
ISPDB_MODIFIABLE	9	Y	VARCHAR2 (5 Byte)					VARCHAR2	False
ISINSTANCE_MODIFIABLE	10	Y	VARCHAR2 (5 Byte)					VARCHAR2	False
ISMODIFIED	11	Y	VARCHAR2 (10 Byte)					VARCHAR2	False
ISADJUSTED	12	Y	VARCHAR2 (5 Byte)					VARCHAR2	False
ISDEPRECATED	13	Y	VARCHAR2 (5 Byte)					VARCHAR2	False
ISBASIC	14	Y	VARCHAR2 (5 Byte)					VARCHAR2	False
DESCRIPTION	15	Y	VARCHAR2 (255 Byte)					VARCHAR2	False
ORDINAL	16	Y	NUMBER					NUMBER	False
UPDATE_COMMENT	17	Y	VARCHAR2 (255 Byte)					VARCHAR2	False
CON_ID	18	Y	NUMBER					NUMBER	False
</XtraData><XtraFlag>-1</XtraFlag><Table></Table><TableSchema></TableSchema><Wrapped>False</Wrapped><WrapChecked>True</WrapChecked><ObjID>1987</ObjID></Object><Object><Type>VIEW</Type><Schema>SYS</Schema><Name>V_$PARAMETER</Name><Valid>True</Valid><Enabled>True</Enabled><XtraData>ColumnName	ColID	Null	DataType	Default	Comments	Updatable	SearchedForComment	RealDataType	IsBinaryXML
NUM	1	Y	NUMBER					NUMBER	False
NAME	2	Y	VARCHAR2 (80 Byte)					VARCHAR2	False
TYPE	3	Y	NUMBER					NUMBER	False
VALUE	4	Y	VARCHAR2 (4000 Byte)					VARCHAR2	False
DISPLAY_VALUE	5	Y	VARCHAR2 (4000 Byte)					VARCHAR2	False
DEFAULT_VALUE	6	Y	VARCHAR2 (255 Byte)					VARCHAR2	False
ISDEFAULT	7	Y	VARCHAR2 (9 Byte)					VARCHAR2	False
ISSES_MODIFIABLE	8	Y	VARCHAR2 (5 Byte)					VARCHAR2	False
ISSYS_MODIFIABLE	9	Y	VARCHAR2 (9 Byte)					VARCHAR2	False
ISPDB_MODIFIABLE	10	Y	VARCHAR2 (5 Byte)					VARCHAR2	False
ISINSTANCE_MODIFIABLE	11	Y	VARCHAR2 (5 Byte)					VARCHAR2	False
ISMODIFIED	12	Y	VARCHAR2 (10 Byte)					VARCHAR2	False
ISADJUSTED	13	Y	VARCHAR2 (5 Byte)					VARCHAR2	False
ISDEPRECATED	14	Y	VARCHAR2 (5 Byte)					VARCHAR2	False
ISBASIC	15	Y	VARCHAR2 (5 Byte)					VARCHAR2	False
DESCRIPTION	16	Y	VARCHAR2 (255 Byte)					VARCHAR2	False
UPDATE_COMMENT	17	Y	VARCHAR2 (255 Byte)					VARCHAR2	False
HASH	18	Y	NUMBER					NUMBER	False
CON_ID	19	Y	NUMBER					NUMBER	False
</XtraData><XtraFlag>-1</XtraFlag><Table></Table><TableSchema></TableSchema><Wrapped>False</Wrapped><WrapChecked>True</WrapChecked><ObjID>1985</ObjID></Object><Object><Type>VIEW</Type><Schema>SYS</Schema><Name>V_$ACTIVE_SERVICES</Name><Valid>True</Valid><Enabled>True</Enabled><XtraData>ColumnName	ColID	Null	DataType	Default	Comments	Updatable	SearchedForComment	RealDataType	IsBinaryXML
SERVICE_ID	1	Y	NUMBER					NUMBER	False
NAME	2	Y	VARCHAR2 (64 Byte)					VARCHAR2	False
NAME_HASH	3	Y	NUMBER					NUMBER	False
NETWORK_NAME	4	Y	VARCHAR2 (512 Byte)					VARCHAR2	False
CREATION_DATE	5	Y	DATE					DATE	False
CREATION_DATE_HASH	6	Y	NUMBER					NUMBER	False
GOAL	7	Y	VARCHAR2 (12 Byte)					VARCHAR2	False
DTP	8	Y	VARCHAR2 (1 Byte)					VARCHAR2	False
BLOCKED	9	Y	CHAR (2 Byte)					CHAR	False
AQ_HA_NOTIFICATION	10	Y	VARCHAR2 (3 Byte)					VARCHAR2	False
CLB_GOAL	11	Y	VARCHAR2 (5 Byte)					VARCHAR2	False
COMMIT_OUTCOME	12	Y	VARCHAR2 (3 Byte)					VARCHAR2	False
RETENTION_TIME	13	Y	NUMBER					NUMBER	False
REPLAY_INITIATION_TIMEOUT	14	Y	NUMBER					NUMBER	False
SESSION_STATE_CONSISTENCY	15	Y	VARCHAR2 (128 Byte)					VARCHAR2	False
GLOBAL	16	Y	VARCHAR2 (3 Byte)					VARCHAR2	False
CON_NAME	17	Y	VARCHAR2 (128 Byte)					VARCHAR2	False
SQL_TRANSLATION_PROFILE	18	Y	VARCHAR2 (261 Byte)					VARCHAR2	False
MAX_LAG_TIME	19	Y	VARCHAR2 (128 Byte)					VARCHAR2	False
STOP_OPTION	20	Y	VARCHAR2 (128 Byte)					VARCHAR2	False
FAILOVER_RESTORE	21	Y	VARCHAR2 (128 Byte)					VARCHAR2	False
DRAIN_TIMEOUT	22	Y	NUMBER					NUMBER	False
CON_ID	23	Y	NUMBER					NUMBER	False
</XtraData><XtraFlag>-1</XtraFlag><Table></Table><TableSchema></TableSchema><Wrapped>False</Wrapped><WrapChecked>True</WrapChecked><ObjID>2416</ObjID></Object><Object><Type>VIEW</Type><Schema>SYS</Schema><Name>DBA_TAB_PRIVS</Name><Valid>True</Valid><Enabled>True</Enabled><XtraData>ColumnName	ColID	Null	DataType	Default	Comments	Updatable	SearchedForComment	RealDataType	IsBinaryXML
GRANTEE	1	Y	VARCHAR2 (128 Byte)					VARCHAR2	False
OWNER	2	Y	VARCHAR2 (128 Byte)					VARCHAR2	False
TABLE_NAME	3	Y	VARCHAR2 (128 Byte)					VARCHAR2	False
GRANTOR	4	Y	VARCHAR2 (128 Byte)					VARCHAR2	False
PRIVILEGE	5	Y	VARCHAR2 (40 Byte)					VARCHAR2	False
GRANTABLE	6	Y	VARCHAR2 (3 Byte)					VARCHAR2	False
HIERARCHY	7	Y	VARCHAR2 (3 Byte)					VARCHAR2	False
COMMON	8	Y	VARCHAR2 (3 Byte)					VARCHAR2	False
TYPE	9	Y	VARCHAR2 (24 Byte)					VARCHAR2	False
INHERITED	10	Y	VARCHAR2 (3 Byte)					VARCHAR2	False
</XtraData><XtraFlag>-1</XtraFlag><Table></Table><TableSchema></TableSchema><Wrapped>False</Wrapped><WrapChecked>True</WrapChecked><ObjID>4703</ObjID></Object></History>
