<ToadOracle>
	<FileVersion Encryption="AES">1</FileVersion>
	<ConnectionHierarchy>
		<DbPlatform name="Oracle">
			<Connections>
				<Connection type="Oracle">
					<User>
						<![CDATA[SYSTEM]]>
					</User>
					<Server>LOCALHOST:1521/XE</Server>
					<AutoConnect>False</AutoConnect>
					<Home>C:\Software\Oracle\database\product\12.2.0\client_1</Home>
					<SavePassword>False</SavePassword>
					<Password>mpYK6bwIGtOOOOzrv9XbuAhiwtUj0oWQ64EXBQ==</Password>
					<Favorite>False</Favorite>
					<SessionReadOnly>False</SessionReadOnly>
					<Alias/>
					<Host>LOCALHOST</Host>
					<InstanceName/>
					<Sid>XE</Sid>
					<Port>1521</Port>
					<LDAP/>
					<ConnectionType ServiceName="True">Direct</ConnectionType>
					<Protocol>TCP</Protocol>
					<ProtocolName/>
					<Color>255</Color>
					<ConnectionMode>SYSDBA</ConnectionMode>
					<LastConnectionDate>2018-04-21T12:42:25.614Z</LastConnectionDate>
					<RelativePosition>2</RelativePosition>
					<GUID>{3B621F41-9AA0-432E-8720-7E4C0CAD7759}</GUID>
					<CustomFields/>
				</Connection>
				<Connection type="Oracle">
					<User>
						<![CDATA[SYSTEM]]>
					</User>
					<Server>LOCALHOST:1521/ORCL</Server>
					<AutoConnect>False</AutoConnect>
					<Home>C:\Software\Oracle\database\product\12.2.0\client_1</Home>
					<SavePassword>False</SavePassword>
					<Password>theX954NmNHXy1LvmTw6xmaI6t2j6eKTgvcTsg==</Password>
					<Favorite>False</Favorite>
					<SessionReadOnly>False</SessionReadOnly>
					<Alias/>
					<Host>LOCALHOST</Host>
					<InstanceName/>
					<Sid>ORCL</Sid>
					<Port>1521</Port>
					<LDAP/>
					<ConnectionType ServiceName="True">Direct</ConnectionType>
					<Protocol>TCP</Protocol>
					<ProtocolName>TCP</ProtocolName>
					<Color>255</Color>
					<ConnectionMode>SYSDBA</ConnectionMode>
					<LastConnectionDate>2018-04-21T12:41:52.813Z</LastConnectionDate>
					<RelativePosition>1</RelativePosition>
					<GUID>{E72B144E-E382-4C2F-B5A9-D1B5C6061553}</GUID>
					<CustomFields/>
				</Connection>
				<Connection type="Oracle">
					<User>
						<![CDATA[SYS]]>
					</User>
					<Server>LOCALHOST:1521/ORCL</Server>
					<AutoConnect>False</AutoConnect>
					<Home>C:\Software\Oracle\client\product\12.2.0\client_1</Home>
					<SavePassword>False</SavePassword>
					<Password>uYyLEWWmsItibBSPwKwCHzXWw5KGVmTmw+xxaQ==</Password>
					<Favorite>False</Favorite>
					<SessionReadOnly>False</SessionReadOnly>
					<Alias/>
					<Host>LOCALHOST</Host>
					<InstanceName/>
					<Sid>ORCL</Sid>
					<Port>1521</Port>
					<LDAP/>
					<ConnectionType ServiceName="True">Direct</ConnectionType>
					<Protocol>TCP</Protocol>
					<ProtocolName>TCP</ProtocolName>
					<Color>255</Color>
					<ConnectionMode>SYSDBA</ConnectionMode>
					<LastConnectionDate>2018-04-20T13:08:07.359Z</LastConnectionDate>
					<RelativePosition>0</RelativePosition>
					<GUID>{D9C741AE-1028-406B-8E17-79205EE4B0A8}</GUID>
					<CustomFields/>
				</Connection>
			</Connections>
		</DbPlatform>
	</ConnectionHierarchy>
</ToadOracle>
