<STYLING><LEXERS><LEXER name="SQL" id="7"><STYLES><STYLE name="Comment"><PROPS><BOLD>false</BOLD><FORE>clGreen</FORE><ITALIC>false</ITALIC><UNDERLINE>false</UNDERLINE></PROPS><STATES>1,13,15,17,18,2,3</STATES></STYLE><STYLE name="Number"><PROPS><FORE>clMaroon</FORE></PROPS><STATES>4</STATES></STYLE><STYLE name="String"><PROPS><FORE>clRed</FORE></PROPS><STATES>24,6,7</STATES></STYLE><STYLE name="SQL*Plus Keyword"><PROPS><FORE>clBlue</FORE></PROPS><STATES>8,9</STATES></STYLE><STYLE name="Symbol"><PROPS><FORE>clBlue</FORE></PROPS><STATES>10</STATES></STYLE><STYLE name="Identifier"><PROPS/><STATES>11,23</STATES></STYLE><STYLE name="Keyword"><PROPS><FORE>clBlue</FORE></PROPS><STATES>5</STATES></STYLE><STYLE name="Datatype"><PROPS><FORE>clRed</FORE></PROPS><STATES>16</STATES></STYLE><STYLE name="User Table"><PROPS><FORE>clOlive</FORE></PROPS><STATES>19</STATES></STYLE><STYLE name="User View"><PROPS><FORE>clOlive</FORE></PROPS><STATES>20</STATES></STYLE><STYLE name="User PL/SQL"><PROPS><FORE>clOlive</FORE></PROPS><STATES>21</STATES></STYLE><STYLE name="SYS View"><PROPS><FORE>clOlive</FORE></PROPS><STATES>22</STATES></STYLE><STYLE name="SYS Package"><PROPS><BOLD>true</BOLD><ITALIC>true</ITALIC><UNDERLINE>false</UNDERLINE></PROPS><STATES>26</STATES></STYLE><STYLE name="Exception"><PROPS><FORE>clRed</FORE></PROPS><STATES>25</STATES></STYLE></STYLES><WORD_LISTS><LIST name="Datatype" style="Datatype" id="1" dynamic="true"/><LIST name="User Table" style="User Table" id="4" dynamic="true"/><LIST name="User View" style="User View" id="5" dynamic="true"/><LIST name="User PL/SQL" style="User PL/SQL" id="6" dynamic="true"/><LIST name="SYS View" style="SYS View" id="7" dynamic="true"/><LIST name="Exception" style="Exception" id="8" dynamic="false"><![CDATA[ACCESS_INTO_NULL,CASE_NOT_FOUND,COLLECTION_IS_NULL,CURSOR_ALREADY_OPEN,DUP_VAL_ON_INDEX,INVALID_CURSOR,INVALID_NUMBER,LOGIN_DENIED,NO_DATA_FOUND,NOT_LOGGED_ON,OTHERS,PROGRAM_ERROR,ROWTYPE_MISMATCH,SELF_IS_NULL,STORAGE_ERROR,SUBSCRIPT_BEYOND_COUNT,SUBSCRIPT_OUTSIDE_LIMIT,SYS_INVALID_ROWID,TIMEOUT_ON_RESOURCE,TOO_MANY_ROWS,VALUE_ERROR,ZERO_DIVIDE]]></LIST><LIST name="SQL*Plus Keyword" style="SQL*Plus Keyword" id="3" dynamic="false"><![CDATA[/,@,@@,A,ACC,ACCEPT,APPEND,ARCHIVE,ATTRIBUTE,BRE,BREAK,BTI,BTITLE,C,CHANGE,CL,CLEAR,COL,COLUMN,COMP,COMPUTE,CONN,CONNECT,COPY,DEF,DEFINE,DEL,DESC~RIBE,DISC,DISCONNECT,ED,EDIT,EXEC,EXECUTE,EXIT,GET,HELP,HO,HOST,I,INPUT,L,LIST,LOG,OSERROR,PASS,PASSWORD,PAU,PAUSE,PRINT,PRO,PROMPT,QUIT,R,RECOVER,REM,REMARK,REPF,REPFOOTER,REPH,REPHEADER,RUN,SAV,SAVE,SET,SHO,SHOW,SHUTDOWN,SPO,SPOOL,SQLERROR,STA,START,STARTUP,STORE,TIMI,TIMING,TTI,TTITLE,UNDEF,UNDEFINE,VAR,VARIABLE,WHENEVER,XQUERY]]></LIST><LIST name="Keyword" style="Keyword" id="0" dynamic="false"><![CDATA[A,ABORT,ABS,ACCESS,ACCESSED,ACCOUNT,ACL,ACOS,ACTION,ACTIONS,ACTIVATE,ACTIVE,ACTIVE_COMPONENT,ACTIVE_DATA,ACTIVE_FUNCTION,ACTIVE_TAG,ACTIVITY,ADAPTIVE_PLAN,ADD,ADD_COLUMN,ADD_GROUP,ADD_MONTHS,ADJ_DATE,ADMIN,ADMINISTER,ADMINISTRATOR,ADVANCED,ADVISE,ADVISOR,AFD_DISKSTRING,AFTER,ALGORITHM,ALIAS,ALL,ALL_ROWS,ALLOCATE,ALLOW,ALTER,ALWAYS,ANALYZE,ANCILLARY,AND,AND_EQUAL,ANOMALY,ANSI_REARCH,ANTIJOIN,ANY,ANYSCHEMA,APPEND,APPEND_VALUES,APPENDCHILDXML,APPLICATION,APPLY,APPROX_COUNT_DISTINCT,ARCHIVAL,ARCHIVE,ARCHIVED,ARCHIVELOG,ARRAY,AS,ASC,ASCII,ASCIISTR,ASIN,ASIS,ASSEMBLY,ASSIGN,ASSOCIATE,ASYNC,ASYNCHRONOUS,AT,ATAN,ATAN2,ATTRIBUTE,ATTRIBUTES,AUDIT,AUTHENTICATED,AUTHENTICATION,AUTHID,AUTHORIZATION,AUTO,AUTO_LOGIN,AUTO_REOPTIMIZE,AUTOALLOCATE,AUTOEXTEND,AUTOMATIC,AVAILABILITY,AVG,AVRO,BACKGROUND,BACKUP,BASIC,BASICFILE,BATCH,BATCH_TABLE_ACCESS_BY_ROWID,BATCHSIZE,BECOME,BEFORE,BEGIN,BEGIN_OUTLINE_DATA,BEGINNING,BEHALF,BEQUEATH,BETWEEN,BFILE,BFILENAME,BIGFILE,BIN_TO_NUM,BINARY,BINARY_DOUBLE,BINARY_DOUBLE_INFINITY,BINARY_DOUBLE_NAN,BINARY_FLOAT,BINARY_FLOAT_INFINITY,BINARY_FLOAT_NAN,BIND_AWARE,BINDING,BITAND,BITMAP,BITMAP_AND,BITMAP_TREE,BITMAPS,BITS,BLOB,BLOCK,BLOCK_RANGE,BLOCKS,BLOCKSIZE,BODY,BOOLEAN,BOTH,BOUND,BRANCH,BREADTH,BROADCAST,BSON,BUFFER,BUFFER_CACHE,BUFFER_POOL,BUILD,BULK,BY,BYPASS_RECURSIVE_CHECK,BYPASS_UJVC,BYTE,CACHE,CACHE_CB,CACHE_INSTANCES,CACHE_TEMP_TABLE,CACHING,CALCULATED,CALL,CALLBACK,CANCEL,CAPACITY,CARDINALITY,CASCADE,CASE,CAST,CATEGORY,CDB$DEFAULT,CDB$VIEW,CEIL,CELL_FLASH_CACHE,CERTIFICATE,CFILE,CHAINED,CHANGE,CHANGE_DUPKEY_ERROR_INDEX,CHAR,CHAR_CS,CHARACTER,CHARTOROWID,CHECK,CHECK_ACL_REWRITE,CHECKPOINT,CHILD,CHOOSE,CHR,CHUNK,CIV_GB,CLASS,CLASSIFIER,CLEANUP,CLEAR,CLIENT,CLOB,CLONE,CLOSE,CLOSE_CACHED_OPEN_CURSORS,CLUSTER,CLUSTER_BY_ROWID,CLUSTER_DETAILS,CLUSTER_DISTANCE,CLUSTER_ID,CLUSTER_PROBABILITY,CLUSTER_SET,CLUSTERING,CLUSTERING_FACTOR,CO_AUTH_IND,COALESCE,COALESCE_SQ,COARSE,COLD,COLLECT,COLUMN,COLUMN_AUTH_INDICATOR,COLUMN_STATS,COLUMN_VALUE,COLUMNAR,COLUMNS,COMMENT,COMMIT,COMMITTED,COMMON_DATA,COMPACT,COMPATIBILITY,COMPILE,COMPLETE,COMPLIANCE,COMPONENT,COMPONENTS,COMPOSE,COMPOSITE,COMPOSITE_LIMIT,COMPOUND,COMPRESS,COMPUTE,CON_DBID_TO_ID,CON_GUID_TO_ID,CON_ID,CON_NAME_TO_ID,CON_UID_TO_ID,CONCAT,CONDITION,CONDITIONAL,CONFIRM,CONFORMING,CONNECT,CONNECT_BY_CB_WHR_ONLY,CONNECT_BY_COMBINE_SW,CONNECT_BY_COST_BASED,CONNECT_BY_ELIM_DUPS,CONNECT_BY_FILTERING,CONNECT_BY_ISCYCLE,CONNECT_BY_ISLEAF,CONNECT_BY_ROOT,CONNECT_TIME,CONSIDER,CONSISTENT,CONST,CONSTANT,CONSTRAINT,CONSTRAINTS,CONTAINER,CONTAINER_DATA,CONTAINERS,CONTENT,CONTENTS,CONTEXT,CONTINUE,CONTROLFILE,CONVERT,COOKIE,COPY,CORR,CORR_K,CORR_S,CORRUPT_XID,CORRUPT_XID_ALL,CORRUPTION,COS,COSH,COST,COST_XML_QUERY_REWRITE,COUNT,COVAR_POP,COVAR_SAMP,CPU_COSTING,CPU_PER_CALL,CPU_PER_SESSION,CRASH,CREATE,CREATE_FILE_DEST,CREATE_STORED_OUTLINES,CREATION,CREDENTIAL,CRITICAL,CROSS,CROSSEDITION,CSCONVERT,CUBE,CUBE_AJ,CUBE_GB,CUBE_SJ,CUME_DIST,CUME_DISTM,CURRENT,CURRENT_DATE,CURRENT_SCHEMA,CURRENT_TIME,CURRENT_TIMESTAMP,CURRENT_USER,CURRENTV,CURSOR,CURSOR_SHARING_EXACT,CURSOR_SPECIFIC_SEGMENT,CV,CYCLE,D,DANGLING,DATA,DATA_SECURITY_REWRITE_LIMIT,DATABASE,DATABASE_DEFAULT,DATAFILE,DATAFILES,DATAMOVEMENT,DATAOBJ_TO_MAT_PARTITION,DATAOBJ_TO_PARTITION,DATAOBJNO,DATAPUMP,DATE,DATE_MODE,DAY,DAYS,DB_ROLE_CHANGE,DB_UNIQUE_NAME,DB_VERSION,DBA,DBA_RECYCLEBIN,DBMS_STATS,DBTIMEZONE,DDL,DEALLOCATE,DEBUG,DEBUGGER,DEC,DECIMAL,DECLARE,DECODE,DECOMPOSE,DECORRELATE,DECR,DECREMENT,DECRYPT,DEDUPLICATE,DEFAULT,DEFAULTS,DEFERRABLE,DEFERRED,DEFINE,DEFINED,DEFINER,DEGREE,DELAY,DELEGATE,DELETE,DELETE_ALL,DELETEXML,DEMAND,DENSE_RANK,DENSE_RANKM,DEPENDENT,DEPTH,DEQUEUE,DEREF,DEREF_NO_REWRITE,DESC,DESTROY,DETACHED,DETERMINES,DICTIONARY,DIMENSION,DIMENSIONS,DIRECT_LOAD,DIRECT_PATH,DIRECTORY,DISABLE,DISABLE_ALL,DISABLE_PARALLEL_DML,DISABLE_PRESET,DISABLE_RPKE,DISALLOW,DISASSOCIATE,DISCARD,DISCONNECT,DISK,DISKGROUP,DISKS,DISMOUNT,DISPATCHERS,DISTINCT,DISTINGUISHED,DISTRIBUTE,DISTRIBUTED,DML,DML_UPDATE,DOCFIDELITY,DOCUMENT,DOMAIN_INDEX_FILTER,DOMAIN_INDEX_NO_SORT,DOMAIN_INDEX_SORT,DOUBLE,DOWNGRADE,DRIVING_SITE,DROP,DROP_COLUMN,DROP_GROUP,DST_UPGRADE_INSERT_CONV,DUMP,DUPLICATE,DV,DYNAMIC,DYNAMIC_SAMPLING,DYNAMIC_SAMPLING_EST_CDN,E,EACH,EDITION,EDITIONABLE,EDITIONING,EDITIONS,ELEMENT,ELIM_GROUPBY,ELIMINATE_JOIN,ELIMINATE_OBY,ELIMINATE_OUTER_JOIN,ELSE,ELSIF,EM,EMPTY,EMPTY_BLOB,EMPTY_CLOB,ENABLE,ENABLE_ALL,ENABLE_PARALLEL_DML,ENABLE_PRESET,ENCODING,ENCRYPT,ENCRYPTED,ENCRYPTION,END,END_OUTLINE_DATA,ENFORCE,ENFORCED,ENQUEUE,ENTERPRISE,ENTITYESCAPING,ENTRY,EQUIPART,ERROR,ERROR_ARGUMENT,ERROR_ON_OVERLAP_TIME,ERRORS,ESCAPE,ESTIMATE,EVAL,EVALNAME,EVALUATE,EVALUATION,EVENTS,EVERY,EXCEPT,EXCEPTION,EXCEPTIONS,EXCHANGE,EXCLUDE,EXCLUDING,EXCLUSIVE,EXECUTE,EXEMPT,EXISTING,EXISTS,EXISTSNODE,EXP,EXPAND_GSET_TO_UNION,EXPAND_TABLE,EXPIRE,EXPLAIN,EXPLOSION,EXPORT,EXPR_CORR_CHECK,EXPRESS,EXTEND,EXTENDS,EXTENT,EXTENTS,EXTERNAL,EXTERNALLY,EXTRA,EXTRACT,EXTRACTCLOBXML,EXTRACTVALUE,FACILITY,FACT,FACTOR,FACTORIZE_JOIN,FAILED,FAILED_LOGIN_ATTEMPTS,FAILGROUP,FAILOVER,FAILURE,FALSE,FAMILY,FAR,FAST,FASTSTART,FBTSCAN,FEATURE_DETAILS,FEATURE_ID,FEATURE_SET,FEATURE_VALUE,FETCH,FIC_CIV,FIC_PIV,FILE,FILE_NAME_CONVERT,FILESYSTEM_LIKE_LOGGING,FILTER,FINAL,FINE,FINISH,FIRST,FIRST_ROWS,FIRST_VALUE,FIRSTM,FIXED_VIEW_DATA,FLAGGER,FLASH_CACHE,FLASHBACK,FLOAT,FLOB,FLOOR,FLUSH,FOLDER,FOLLOWING,FOLLOWS,FOR,FORCE,FORCE_XML_QUERY_REWRITE,FOREIGN,FOREVER,FORMAT,FORWARD,FRAGMENT_NUMBER,FREELIST,FREELISTS,FREEPOOLS,FRESH,FROM,FROM_TZ,FULL,FULL_OUTER_JOIN_TO_OUTER,FUNCTION,FUNCTIONS,G,GATHER_OPTIMIZER_STATISTICS,GATHER_PLAN_STATISTICS,GBY_CONC_ROLLUP,GBY_PUSHDOWN,GENERATED,GET,GLOBAL,GLOBAL_NAME,GLOBAL_TOPIC_ENABLED,GLOBALLY,GRANT,GREATEST,GROUP,GROUP_BY,GROUP_ID,GROUPING,GROUPING_ID,GROUPS,GUARANTEE,GUARANTEED,GUARD,H,HASH,HASH_AJ,HASH_SJ,HASHKEYS,HAVING,HEADER,HEAP,HELP,HEXTORAW,HEXTOREF,HIDDEN,HIDE,HIERARCHY,HIGH,HINTSET_BEGIN,HINTSET_END,HOT,HOUR,HWM_BROKERED,HYBRID,ID,IDENTIFIED,IDENTIFIER,IDENTITY,IDGENERATORS,IDLE_TIME,IF,IGNORE,IGNORE_OPTIM_EMBEDDED_HINTS,IGNORE_ROW_ON_DUPKEY_INDEX,IGNORE_WHERE_CLAUSE,ILM,IMMEDIATE,IMPACT,IMPORT,IN,IN_MEMORY_METADATA,IN_XQUERY,INACTIVE,INCLUDE,INCLUDE_VERSION,INCLUDING,INCR,INCREMENT,INCREMENTAL,INDENT,INDEX,INDEX_ASC,INDEX_COMBINE,INDEX_DESC,INDEX_FFS,INDEX_FILTER,INDEX_JOIN,INDEX_ROWS,INDEX_RRS,INDEX_RS,INDEX_RS_ASC,INDEX_RS_DESC,INDEX_SCAN,INDEX_SKIP_SCAN,INDEX_SS,INDEX_SS_ASC,INDEX_SS_DESC,INDEX_STATS,INDEXED,INDEXES,INDEXING,INDEXTYPE,INDEXTYPES,INDICATOR,INFINITE,INFORMATIONAL,INHERIT,INHERITED,INITCAP,INITIAL,INITIALIZED,INITIALLY,INITRANS,INLINE,INLINE_XMLTYPE_NT,INMEMORY,INMEMORY_PRUNING,INNER,INPLACE,INSERT,INSERTCHILDXML,INSERTCHILDXMLAFTER,INSERTCHILDXMLBEFORE,INSERTXMLAFTER,INSERTXMLBEFORE,INSTANCE,INSTANCES,INSTANTIABLE,INSTANTLY,INSTEAD,INSTR,INSTR2,INSTR4,INSTRB,INSTRC,INT,INTEGER,INTEGRITY,INTERLEAVED,INTERMEDIATE,INTERNAL_CONVERT,INTERNAL_USE,INTERPRETED,INTERSECT,INTERVAL,INTO,INVALIDATE,INVISIBLE,IS,ISOLATION,ISOLATION_LEVEL,ITERATE,ITERATION_NUMBER,JAVA,JOB,JOIN,JSON,JSON_ARRAY,JSON_ARRAYAGG,JSON_EQUAL,JSON_EXISTS,JSON_EXISTS2,JSON_OBJECT,JSON_OBJECTAGG,JSON_QUERY,JSON_SERIALIZE,JSON_TABLE,JSON_TEXTCONTAINS,JSON_TEXTCONTAINS2,JSON_VALUE,JSONGET,JSONPARSE,K,KEEP,KEEP_DUPLICATES,KERBEROS,KEY,KEY_LENGTH,KEYFILE,KEYS,KEYSIZE,KEYSTORE,KILL,LABEL,LAG,LAST,LAST_DAY,LAST_VALUE,LATERAL,LAX,LAYER,LDAP_REG_SYNC_INTERVAL,LDAP_REGISTRATION,LDAP_REGISTRATION_ENABLED,LEAD,LEADING,LEAST,LEFT,LENGTH,LENGTH2,LENGTH4,LENGTHB,LENGTHC,LESS,LEVEL,LEVELS,LIBRARY,LIFE,LIFECYCLE,LIFETIME,LIKE,LIKE_EXPAND,LIKE2,LIKE4,LIKEC,LIMIT,LINEAR,LINK,LIST,LISTAGG,LN,LNNVL,LOAD,LOB,LOBNVL,LOBS,LOCAL,LOCAL_INDEXES,LOCALTIME,LOCALTIMESTAMP,LOCATION,LOCATOR,LOCK,LOCKED,LOCKING,LOG,LOG_READ_ONLY_VIOLATIONS,LOGFILE,LOGFILES,LOGGING,LOGICAL,LOGICAL_READS_PER_CALL,LOGICAL_READS_PER_SESSION,LOGMINING,LOGOFF,LOGON,LOOP,LONG,LOW,LOWER,LPAD,LTRIM,M,MAIN,MAKE_REF,MANAGE,MANAGED,MANAGEMENT,MANAGER,MANUAL,MAP,MAPPING,MASTER,MATCH,MATCH_NUMBER,MATCH_RECOGNIZE,MATCHED,MATCHES,MATERIALIZE,MATERIALIZED,MAX,MAX_SHARED_TEMP_SIZE,MAXARCHLOGS,MAXDATAFILES,MAXEXTENTS,MAXIMIZE,MAXINSTANCES,MAXLOGFILES,MAXLOGHISTORY,MAXLOGMEMBERS,MAXSIZE,MAXTRANS,MAXVALUE,MEASURE,MEASURES,MEDIAN,MEDIUM,MEMBER,MEMCOMPRESS,MEMORY,MERGE,MERGE$ACTIONS,MERGE_AJ,MERGE_CONST_ON,MERGE_SJ,METADATA,METHOD,MIGRATE,MIGRATION,MIN,MINEXTENTS,MINIMIZE,MINIMUM,MINING,MINUS,MINUS_NULL,MINUTE,MINVALUE,MIRROR,MIRRORCOLD,MIRRORHOT,MLSLABEL,MOD,MODE,MODEL,MODEL_COMPILE_SUBQUERY,MODEL_DONTVERIFY_UNIQUENESS,MODEL_DYNAMIC_SUBQUERY,MODEL_MIN_ANALYSIS,MODEL_NB,MODEL_NO_ANALYSIS,MODEL_PBY,MODEL_PUSH_REF,MODEL_SV,MODIFICATION,MODIFY,MODIFY_COLUMN_TYPE,MODULE,MONITOR,MONITORING,MONTH,MONTHS,MONTHS_BETWEEN,MOUNT,MOUNTPATH,MOVE,MOVEMENT,MTS_DISPATCHERS,MULTIDIMENSIONAL,MULTISET,MV_MERGE,NAME,NAMED,NAMESPACE,NAN,NANVL,NATIONAL,NATIVE,NATIVE_FULL_OUTER_JOIN,NATURAL,NAV,NCHAR,NCHAR_CS,NCHR,NCLOB,NEEDED,NEG,NESTED,NESTED_TABLE_FAST_INSERT,NESTED_TABLE_GET_REFS,NESTED_TABLE_ID,NESTED_TABLE_SET_REFS,NESTED_TABLE_SET_SETID,NETWORK,NEVER,NEW,NEW_TIME,NEXT,NEXT_DAY,NL_AJ,NL_SJ,NLJ_BATCHING,NLJ_INDEX_FILTER,NLJ_INDEX_SCAN,NLJ_PREFETCH,NLS_CALENDAR,NLS_CHARACTERSET,NLS_CHARSET_DECL_LEN,NLS_CHARSET_ID,NLS_CHARSET_NAME,NLS_COMP,NLS_CURRENCY,NLS_DATE_FORMAT,NLS_DATE_LANGUAGE,NLS_INITCAP,NLS_ISO_CURRENCY,NLS_LANG,NLS_LANGUAGE,NLS_LENGTH_SEMANTICS,NLS_LOWER,NLS_NCHAR_CONV_EXCP,NLS_NUMERIC_CHARACTERS,NLS_SORT,NLS_SPECIAL_CHARS,NLS_TERRITORY,NLS_UPPER,NLSSORT,NO,NO_ACCESS,NO_ADAPTIVE_PLAN,NO_ANSI_REARCH,NO_AUTO_REOPTIMIZE,NO_BASETABLE_MULTIMV_REWRITE,NO_BATCH_TABLE_ACCESS_BY_ROWID,NO_BIND_AWARE,NO_BUFFER,NO_CARTESIAN,NO_CHECK_ACL_REWRITE,NO_CLUSTER_BY_ROWID,NO_CLUSTERING,NO_COALESCE_SQ,NO_COMMON_DATA,NO_CONNECT_BY_CB_WHR_ONLY,NO_CONNECT_BY_COMBINE_SW,NO_CONNECT_BY_COST_BASED,NO_CONNECT_BY_ELIM_DUPS,NO_CONNECT_BY_FILTERING,NO_COST_XML_QUERY_REWRITE,NO_CPU_COSTING,NO_DATA_SECURITY_REWRITE,NO_DECORRELATE,NO_DOMAIN_INDEX_FILTER,NO_DST_UPGRADE_INSERT_CONV,NO_ELIM_GROUPBY,NO_ELIMINATE_JOIN,NO_ELIMINATE_OBY,NO_ELIMINATE_OUTER_JOIN,NO_EXPAND,NO_EXPAND_GSET_TO_UNION,NO_EXPAND_TABLE,NO_FACT,NO_FACTORIZE_JOIN,NO_FILTERING,NO_FULL_OUTER_JOIN_TO_OUTER,NO_GATHER_OPTIMIZER_STATISTICS,NO_GBY_PUSHDOWN,NO_INDEX,NO_INDEX_FFS,NO_INDEX_RS,NO_INDEX_SS,NO_INMEMORY,NO_INMEMORY_PRUNING,NO_LOAD,NO_MERGE,NO_MODEL_PUSH_REF,NO_MONITOR,NO_MONITORING,NO_MULTIMV_REWRITE,NO_NATIVE_FULL_OUTER_JOIN,NO_NLJ_BATCHING,NO_NLJ_PREFETCH,NO_OBJECT_LINK,NO_ORDER_ROLLUPS,NO_OUTER_JOIN_TO_ANTI,NO_OUTER_JOIN_TO_INNER,NO_PARALLEL,NO_PARALLEL_INDEX,NO_PARTIAL_COMMIT,NO_PARTIAL_JOIN,NO_PARTIAL_ROLLUP_PUSHDOWN,NO_PLACE_DISTINCT,NO_PLACE_GROUP_BY,NO_PQ_CONCURRENT_UNION,NO_PQ_MAP,NO_PQ_REPLICATE,NO_PQ_SKEW,NO_PRUNE_GSETS,NO_PULL_PRED,NO_PUSH_PRED,NO_PUSH_SUBQ,NO_PX_FAULT_TOLERANCE,NO_PX_JOIN_FILTER,NO_QKN_BUFF,NO_QUERY_TRANSFORMATION,NO_REF_CASCADE,NO_RESULT_CACHE,NO_REWRITE,NO_ROOT_SW_FOR_LOCAL,NO_ROW_LEVEL_LOCKING,NO_SEMI_TO_INNER,NO_SEMIJOIN,NO_SET_TO_JOIN,NO_SQL_TRANSLATION,NO_SQL_TUNE,NO_STAR_TRANSFORMATION,NO_STATEMENT_QUEUING,NO_STATS_GSETS,NO_SUBQUERY_PRUNING,NO_SUBSTRB_PAD,NO_SWAP_JOIN_INPUTS,NO_TABLE_LOOKUP_BY_NL,NO_TEMP_TABLE,NO_TRANSFORM_DISTINCT_AGG,NO_UNNEST,NO_USE_CUBE,NO_USE_HASH,NO_USE_HASH_AGGREGATION,NO_USE_HASH_GBY_FOR_PUSHDOWN,NO_USE_INVISIBLE_INDEXES,NO_USE_MERGE,NO_USE_NL,NO_USE_VECTOR_AGGREGATION,NO_VECTOR_TRANSFORM,NO_VECTOR_TRANSFORM_DIMS,NO_VECTOR_TRANSFORM_FACT,NO_XDB_FASTPATH_INSERT,NO_XML_DML_REWRITE,NO_XML_QUERY_REWRITE,NO_XMLINDEX_REWRITE,NO_XMLINDEX_REWRITE_IN_SELECT,NO_ZONEMAP,NOAPPEND,NOARCHIVELOG,NOAUDIT,NOCACHE,NOCOMPRESS,NOCOPY,NOCPU_COSTING,NOCYCLE,NODELAY,NOENTITYESCAPING,NOFORCE,NOGUARANTEE,NOKEEP,NOLOCAL,NOLOGGING,NOMAPPING,NOMAXVALUE,NOMINIMIZE,NOMINVALUE,NOMONITORING,NONBLOCKING,NONE,NONEDITIONABLE,NONSCHEMA,NOORDER,NOOVERRIDE,NOPARALLEL,NOPARALLEL_INDEX,NOPARTITION,NORELOCATE,NORELY,NOREPAIR,NOREPLAY,NORESETLOGS,NOREVERSE,NOREWRITE,NORMAL,NOROWDEPENDENCIES,NOSCHEMACHECK,NOSEGMENT,NOSORT,NOSTRICT,NOSTRIPE,NOSWITCH,NOT,NOTHING,NOTIFICATION,NOVALIDATE,NOWAIT,NTH_VALUE,NTILE,NULL,NULLIF,NULLS,NUM_INDEX_KEYS,NUMBER,NUMERIC,NUMTODSINTERVAL,NUMTOYMINTERVAL,NVARCHAR2,NVL,NVL2,OBJ_ID,OBJECT,OBJECT2XML,OBJECTTOXML,OBJNO,OBJNO_REUSE,OCCURENCES,OF,OFF,OFFLINE,OFFSET,OID,OIDINDEX,OLAP,OLD,OLD_PUSH_PRED,OLS,OLTP,OMIT,ON,ONE,ONLINE,ONLY,OPAQUE,OPAQUE_TRANSFORM,OPAQUE_XCANONICAL,OPCODE,OPEN,OPERATIONS,OPERATOR,OPT_ESTIMATE,OPT_PARAM,OPTIMAL,OPTIMIZE,OPTIMIZER_FEATURES_ENABLE,OPTIMIZER_GOAL,OPTION,OR,OR_EXPAND,OR_PREDICATES,ORA_BRANCH,ORA_CHECK_ACL,ORA_CHECK_PRIVILEGE,ORA_CLUSTERING,ORA_DST_AFFECTED,ORA_DST_CONVERT,ORA_DST_ERROR,ORA_GET_ACLIDS,ORA_GET_PRIVILEGES,ORA_HASH,ORA_INVOKING_USER,ORA_INVOKING_USERID,ORA_INVOKING_XS_USER,ORA_INVOKING_XS_USER_GUID,ORA_RAWCOMPARE,ORA_RAWCONCAT,ORA_ROWSCN,ORA_ROWSCN_RAW,ORA_ROWVERSION,ORA_TABVERSION,ORA_WRITE_TIME,ORADEBUG,ORDER,ORDERED,ORDERED_PREDICATES,ORDINALITY,ORGANIZATION,OTHER,OUT,OUT_OF_LINE,OUTER,OUTER_JOIN_TO_ANTI,OUTER_JOIN_TO_INNER,OUTLINE,OUTLINE_LEAF,OVER,OVERFLOW,OVERFLOW_NOMOVE,OVERLAPS,OWN,OWNER,OWNERSHIP,P,PACKAGE,PACKAGES,PARALLEL,PARALLEL_INDEX,PARAM,PARAMETERS,PARENT,PARITY,PART$NUM$INST,PARTIAL,PARTIAL_JOIN,PARTIAL_ROLLUP_PUSHDOWN,PARTIALLY,PARTITION,PARTITION_HASH,PARTITION_LIST,PARTITION_RANGE,PARTITIONS,PASSING,PASSWORD,PASSWORD_GRACE_TIME,PASSWORD_LIFE_TIME,PASSWORD_LOCK_TIME,PASSWORD_REUSE_MAX,PASSWORD_REUSE_TIME,PASSWORD_VERIFY_FUNCTION,PAST,PATCH,PATH,PATH_PREFIX,PATHS,PATTERN,PBL_HS_BEGIN,PBL_HS_END,PCTFREE,PCTINCREASE,PCTTHRESHOLD,PCTUSED,PCTVERSION,PENDING,PER,PERCENT,PERCENT_RANK,PERCENT_RANKM,PERCENTILE_CONT,PERCENTILE_DISC,PERFORMANCE,PERIOD,PERMANENT,PERMISSION,PERMUTE,PFILE,PHYSICAL,PIKEY,PIV_GB,PIV_SSF,PIVOT,PLACE_DISTINCT,PLACE_GROUP_BY,PLAN,PLS_INTEGER,PLSCOPE_SETTINGS,PLSQL_CCFLAGS,PLSQL_CODE_TYPE,PLSQL_DEBUG,PLSQL_OPTIMIZE_LEVEL,PLSQL_WARNINGS,PLUGGABLE,POINT,POLICY,POOL_16K,POOL_2K,POOL_32K,POOL_4K,POOL_8K,POST_TRANSACTION,POWER,POWERMULTISET,POWERMULTISET_BY_CARDINALITY,PQ_CONCURRENT_UNION,PQ_DISTRIBUTE,PQ_DISTRIBUTE_WINDOW,PQ_FILTER,PQ_MAP,PQ_NOMAP,PQ_REPLICATE,PQ_SKEW,PREBUILT,PRECEDES,PRECEDING,PRECISION,PRECOMPUTE_SUBQUERY,PREDICATE_REORDERS,PREDICTION,PREDICTION_BOUNDS,PREDICTION_COST,PREDICTION_DETAILS,PREDICTION_PROBABILITY,PREDICTION_SET,PRELOAD,PREPARE,PRESENT,PRESENTNNV,PRESENTV,PRESERVE,PRESERVE_OID,PRETTY,PREV,PREVIOUS,PRIMARY,PRINTBLOBTOCLOB,PRIOR,PRIORITY,PRIVATE,PRIVATE_SGA,PRIVILEGE,PRIVILEGED,PRIVILEGES,PROCEDURAL,PROCEDURE,PROCESS,PROFILE,PROGRAM,PROJECT,PROPAGATE,PROTECTED,PROTECTION,PROXY,PRUNING,PUBLIC,PULL_PRED,PURGE,PUSH_PRED,PUSH_SUBQ,PX_FAULT_TOLERANCE,PX_GRANULE,PX_JOIN_FILTER,QB_NAME,QUERY,QUERY_BLOCK,QUEUE,QUEUE_CURR,QUEUE_ROWP,QUIESCE,QUORUM,QUOTA,RAISE,RANDOM,RANDOM_LOCAL,RANGE,RANK,RANKM,RAPIDLY,RATIO_TO_REPORT,RAW,RAWTOHEX,RAWTONHEX,RBA,RBO_OUTLINE,RDBA,READ,READS,REAL,REALM,REBALANCE,REBUILD,RECORDS_PER_BLOCK,RECOVER,RECOVERABLE,RECOVERY,RECYCLE,RECYCLEBIN,REDACTION,REDEFINE,REDO,REDUCED,REDUNDANCY,REF,REF_CASCADE_CURSOR,REFERENCE,REFERENCED,REFERENCES,REFERENCING,REFRESH,REFTOHEX,REGEXP_COUNT,REGEXP_INSTR,REGEXP_LIKE,REGEXP_REPLACE,REGEXP_SUBSTR,REGISTER,REGR_AVGX,REGR_AVGY,REGR_COUNT,REGR_INTERCEPT,REGR_R2,REGR_SLOPE,REGR_SXX,REGR_SXY,REGR_SYY,REGULAR,REJECT,REKEY,RELATIONAL,RELOCATE,RELY,REMAINDER,REMOTE_MAPPED,REMOVE,RENAME,REPAIR,REPEAT,REPLACE,REPLICATION,REQUIRED,RESET,RESETLOGS,RESIZE,RESOLVE,RESOLVER,RESOURCE,RESPECT,RESTART,RESTORE,RESTORE_AS_INTERVALS,RESTRICT,RESTRICT_ALL_REF_CONS,RESTRICTED,RESULT_CACHE,RESUMABLE,RESUME,RETENTION,RETRY_ON_ROW_CHANGE,RETURN,RETURNING,REUSE,REVERSE,REVOKE,REWRITE,REWRITE_OR_ERROR,RIGHT,ROLE,ROLES,ROLESET,ROLLBACK,ROLLING,ROLLUP,ROUND,ROW,ROW_LENGTH,ROW_LEVEL_LOCKING,ROW_NUMBER,ROWCOUNT,ROWDEPENDENCIES,ROWID,ROWID_MAPPING_TABLE,ROWIDTOCHAR,ROWIDTONCHAR,ROWNUM,ROWS,ROWTYPE,RPAD,RTRIM,RULE,RULES,RUNNING,SALT,SAMPLE,SAVE,SAVE_AS_INTERVALS,SAVEPOINT,SB4,SCALE,SCALE_ROWS,SCAN,SCAN_INSTANCES,SCHEDULER,SCHEMA,SCHEMACHECK,SCN,SCN_ASCENDING,SCOPE,SCRUB,SD_ALL,SD_INHIBIT,SD_SHOW,SDO_GEOM_MBR,SEARCH,SECOND,SECRET,SECUREFILE,SECUREFILE_DBA,SECURITY,SEED,SEG_BLOCK,SEG_FILE,SEGMENT,SELECT,SELECTIVITY,SEMI_TO_INNER,SEMIJOIN,SEMIJOIN_DRIVER,SEQUENCE,SEQUENCED,SEQUENTIAL,SERIAL,SERIALIZABLE,SERVERERROR,SERVICE_NAME_CONVERT,SERVICES,SESSION,SESSION_CACHED_CURSORS,SESSIONS_PER_USER,SESSIONTIMEZONE,SESSIONTZNAME,SET,SET_TO_JOIN,SETS,SETTINGS,SEVERE,SHARE,SHARED,SHARED_POOL,SHARING,SHELFLIFE,SHOW,SHRINK,SHUTDOWN,SIBLINGS,SID,SIGN,SIGNAL_COMPONENT,SIGNAL_FUNCTION,SIMPLE,SIN,SINGLE,SINGLETASK,SINH,SIZE,SKIP,SKIP_EXT_OPTIMIZER,SKIP_UNQ_UNUSABLE_IDX,SKIP_UNUSABLE_INDEXES,SMALLFILE,SMALLINT,SNAPSHOT,SOME,SORT,SOUNDEX,SOURCE,SOURCE_FILE_DIRECTORY,SOURCE_FILE_NAME_CONVERT,SPACE,SPECIFICATION,SPFILE,SPLIT,SPREADSHEET,SQL,SQL_TRACE,SQL_TRANSLATION_PROFILE,SQLCODE,SQLLDR,SQRT,STALE,STANDALONE,STANDARD_HASH,STANDBY,STANDBY_MAX_DATA_DELAY,STANDBYS,STAR,STAR_TRANSFORMATION,START,STARTUP,STATE,STATEMENT,STATEMENT_ID,STATEMENT_QUEUING,STATEMENTS,STATIC,STATISTICS,STATS_BINOMIAL_TEST,STATS_CROSSTAB,STATS_F_TEST,STATS_KS_TEST,STATS_MODE,STATS_MW_TEST,STATS_ONE_WAY_ANOVA,STATS_T_TEST_INDEP,STATS_T_TEST_INDEPU,STATS_T_TEST_ONE,STATS_T_TEST_PAIRED,STATS_WSR_TEST,STDDEV,STDDEV_POP,STDDEV_SAMP,STOP,STORAGE,STORE,STREAM,STREAMS,STRICT,STRING,STRIP,STRIPE,STRIPE_COLUMNS,STRIPE_WIDTH,STRUCTURE,SUBMULTISET,SUBPARTITION,SUBPARTITION_REL,SUBPARTITIONS,SUBQUERIES,SUBQUERY_PRUNING,SUBSCRIBE,SUBSET,SUBSTITUTABLE,SUBSTR,SUBSTR2,SUBSTR4,SUBSTRB,SUBSTRC,SUCCESS,SUCCESSFUL,SUM,SUMMARY,SUPPLEMENTAL,SUSPEND,SWAP_JOIN_INPUTS,SWITCH,SWITCHOVER,SYNC,SYNCHRONOUS,SYNONYM,SYS_AUDIT,SYS_CHECK_PRIVILEGE,SYS_CHECKACL,SYS_CONNECT_BY_PATH,SYS_CONTEXT,SYS_DBURIGEN,SYS_DL_CURSOR,SYS_DM_RXFORM_CHR,SYS_DM_RXFORM_NUM,SYS_DOM_COMPARE,SYS_DST_PRIM2SEC,SYS_DST_SEC2PRIM,SYS_ET_BFILE_TO_RAW,SYS_ET_BLOB_TO_IMAGE,SYS_ET_IMAGE_TO_BLOB,SYS_ET_RAW_TO_BFILE,SYS_EXTPDTXT,SYS_EXTRACT_UTC,SYS_FBT_INSDEL,SYS_FILTER_ACLS,SYS_FNMATCHES,SYS_FNREPLACE,SYS_GET_ACLIDS,SYS_GET_COL_ACLIDS,SYS_GET_PRIVILEGES,SYS_GETTOKENID,SYS_GETXTIVAL,SYS_GUID,SYS_MAKE_XMLNODEID,SYS_MAKEXML,SYS_MKXMLATTR,SYS_MKXTI,SYS_OP_ADT2BIN,SYS_OP_ADTCONS,SYS_OP_ALSCRVAL,SYS_OP_ATG,SYS_OP_BIN2ADT,SYS_OP_BITVEC,SYS_OP_BL2R,SYS_OP_BLOOM_FILTER,SYS_OP_BLOOM_FILTER_LIST,SYS_OP_C2C,SYS_OP_CAST,SYS_OP_CEG,SYS_OP_CL2C,SYS_OP_COL_PRESENT,SYS_OP_COMBINED_HASH,SYS_OP_COMP,SYS_OP_CONVERT,SYS_OP_COUNTCHG,SYS_OP_CSCONV,SYS_OP_CSCONVTEST,SYS_OP_CSR,SYS_OP_CSX_PATCH,SYS_OP_CYCLED_SEQ,SYS_OP_DECOMP,SYS_OP_DESCEND,SYS_OP_DISTINCT,SYS_OP_DRA,SYS_OP_DUMP,SYS_OP_DV_CHECK,SYS_OP_ENFORCE_NOT_NULL$,SYS_OP_EXTRACT,SYS_OP_GROUPING,SYS_OP_GUID,SYS_OP_HASH,SYS_OP_IIX,SYS_OP_ITR,SYS_OP_KEY_VECTOR_CREATE,SYS_OP_KEY_VECTOR_FILTER,SYS_OP_KEY_VECTOR_FILTER_LIST,SYS_OP_KEY_VECTOR_SUCCEEDED,SYS_OP_KEY_VECTOR_USE,SYS_OP_LBID,SYS_OP_LOBLOC2BLOB,SYS_OP_LOBLOC2CLOB,SYS_OP_LOBLOC2ID,SYS_OP_LOBLOC2NCLOB,SYS_OP_LOBLOC2TYP,SYS_OP_LSVI,SYS_OP_LVL,SYS_OP_MAKEOID,SYS_OP_MAP_NONNULL,SYS_OP_MINE_VALUE,SYS_OP_MSR,SYS_OP_NICOMBINE,SYS_OP_NIEXTRACT,SYS_OP_NII,SYS_OP_NIX,SYS_OP_NOEXPAND,SYS_OP_NTCIMG$,SYS_OP_NUMTORAW,SYS_OP_OIDVALUE,SYS_OP_OPNSIZE,SYS_OP_PAR,SYS_OP_PAR_1,SYS_OP_PARGID,SYS_OP_PARGID_1,SYS_OP_PART_ID,SYS_OP_PIVOT,SYS_OP_R2O,SYS_OP_RAWTONUM,SYS_OP_RDTM,SYS_OP_REF,SYS_OP_RMTD,SYS_OP_ROWIDTOOBJ,SYS_OP_RPB,SYS_OP_TOSETID,SYS_OP_TPR,SYS_OP_TRTB,SYS_OP_UNDESCEND,SYS_OP_VECAND,SYS_OP_VECBIT,SYS_OP_VECOR,SYS_OP_VECXOR,SYS_OP_VERSION,SYS_OP_VREF,SYS_OP_VVD,SYS_OP_XMLCONS_FOR_CSX,SYS_OP_XPTHATG,SYS_OP_XPTHIDX,SYS_OP_XPTHOP,SYS_OP_XTXT2SQLT,SYS_OP_ZONE_ID,SYS_OPTLOBPRBSC,SYS_OPTXICMP,SYS_OPTXQCASTASNQ,SYS_ORDERKEY_DEPTH,SYS_ORDERKEY_MAXCHILD,SYS_ORDERKEY_PARENT,SYS_PARALLEL_TXN,SYS_PATH_REVERSE,SYS_PATHID_IS_ATTR,SYS_PATHID_IS_NMSPC,SYS_PATHID_LASTNAME,SYS_PATHID_LASTNMSPC,SYS_PXQEXTRACT,SYS_RAW_TO_XSID,SYS_RID_ORDER,SYS_ROW_DELTA,SYS_SC_2_XMLT,SYS_SYNRCIREDO,SYS_TYPEID,SYS_UMAKEXML,SYS_XMLANALYZE,SYS_XMLCONTAINS,SYS_XMLCONV,SYS_XMLEXNSURI,SYS_XMLGEN,SYS_XMLI_LOC_ISNODE,SYS_XMLI_LOC_ISTEXT,SYS_XMLINSTR,SYS_XMLLOCATOR_GETSVAL,SYS_XMLNODEID,SYS_XMLNODEID_GETCID,SYS_XMLNODEID_GETLOCATOR,SYS_XMLNODEID_GETOKEY,SYS_XMLNODEID_GETPATHID,SYS_XMLNODEID_GETPTRID,SYS_XMLNODEID_GETRID,SYS_XMLNODEID_GETSVAL,SYS_XMLNODEID_GETTID,SYS_XMLT_2_SC,SYS_XMLTRANSLATE,SYS_XMLTYPE2SQL,SYS_XQ_ASQLCNV,SYS_XQ_ATOMCNVCHK,SYS_XQ_NRNG,SYS_XQ_PKSQL2XML,SYS_XQ_UPKXML2SQL,SYS_XQBASEURI,SYS_XQCASTABLEERRH,SYS_XQCODEP2STR,SYS_XQCODEPEQ,SYS_XQCON2SEQ,SYS_XQCONCAT,SYS_XQDELETE,SYS_XQDFLTCOLATION,SYS_XQDOC,SYS_XQDOCURI,SYS_XQDURDIV,SYS_XQED4URI,SYS_XQENDSWITH,SYS_XQERR,SYS_XQERRH,SYS_XQESHTMLURI,SYS_XQEXLOBVAL,SYS_XQEXSTWRP,SYS_XQEXTRACT,SYS_XQEXTRREF,SYS_XQEXVAL,SYS_XQFB2STR,SYS_XQFNBOOL,SYS_XQFNCMP,SYS_XQFNDATIM,SYS_XQFNLNAME,SYS_XQFNNM,SYS_XQFNNSURI,SYS_XQFNPREDTRUTH,SYS_XQFNQNM,SYS_XQFNROOT,SYS_XQFORMATNUM,SYS_XQFTCONTAIN,SYS_XQFUNCR,SYS_XQGETCONTENT,SYS_XQINDXOF,SYS_XQINSERT,SYS_XQINSPFX,SYS_XQIRI2URI,SYS_XQLANG,SYS_XQLLNMFRMQNM,SYS_XQMKNODEREF,SYS_XQNILLED,SYS_XQNODENAME,SYS_XQNORMSPACE,SYS_XQNORMUCODE,SYS_XQNSP4PFX,SYS_XQNSPFRMQNM,SYS_XQPFXFRMQNM,SYS_XQPOLYABS,SYS_XQPOLYADD,SYS_XQPOLYCEL,SYS_XQPOLYCST,SYS_XQPOLYCSTBL,SYS_XQPOLYDIV,SYS_XQPOLYFLR,SYS_XQPOLYMOD,SYS_XQPOLYMUL,SYS_XQPOLYRND,SYS_XQPOLYSQRT,SYS_XQPOLYSUB,SYS_XQPOLYUMUS,SYS_XQPOLYUPLS,SYS_XQPOLYVEQ,SYS_XQPOLYVGE,SYS_XQPOLYVGT,SYS_XQPOLYVLE,SYS_XQPOLYVLT,SYS_XQPOLYVNE,SYS_XQREF2VAL,SYS_XQRENAME,SYS_XQREPLACE,SYS_XQRESVURI,SYS_XQRNDHALF2EVN,SYS_XQRSLVQNM,SYS_XQRYENVPGET,SYS_XQRYVARGET,SYS_XQRYWRP,SYS_XQSEQ2CON,SYS_XQSEQ2CON4XC,SYS_XQSEQDEEPEQ,SYS_XQSEQINSB,SYS_XQSEQRM,SYS_XQSEQRVS,SYS_XQSEQSUB,SYS_XQSEQTYPMATCH,SYS_XQSTARTSWITH,SYS_XQSTATBURI,SYS_XQSTR2CODEP,SYS_XQSTRJOIN,SYS_XQSUBSTRAFT,SYS_XQSUBSTRBEF,SYS_XQTOKENIZE,SYS_XQTREATAS,SYS_XQXFORM,SYS_XSID_TO_RAW,SYS_ZMAP_FILTER,SYS_ZMAP_REFRESH,SYSASM,SYSAUX,SYSBACKUP,SYSDATE,SYSDBA,SYSDG,SYSGUID,SYSKM,SYSOBJ,SYSOPER,SYSTEM,SYSTEM_DEFINED,SYSTIMESTAMP,T,TABLE,TABLE_LOOKUP_BY_NL,TABLE_STATS,TABLES,TABLESPACE,TABLESPACE_NO,TABNO,TAG,TAN,TANH,TBL$OR$IDX$PART$NUM,TEMP_TABLE,TEMPFILE,TEMPLATE,TEMPORARY,TEST,TEXT,THAN,THE,THEN,THREAD,THROUGH,TIER,TIES,TIME,TIME_ZONE,TIMEOUT,TIMES,TIMESTAMP,TIMEZONE_ABBR,TIMEZONE_HOUR,TIMEZONE_MINUTE,TIMEZONE_OFFSET,TIMEZONE_REGION,TIV_GB,TIV_SSF,TO,TO_ACLID,TO_BINARY_DOUBLE,TO_BINARY_FLOAT,TO_BLOB,TO_CHAR,TO_CLOB,TO_DATE,TO_DSINTERVAL,TO_LOB,TO_MULTI_BYTE,TO_NCHAR,TO_NCLOB,TO_NUMBER,TO_SINGLE_BYTE,TO_TIME,TO_TIME_TZ,TO_TIMESTAMP,TO_TIMESTAMP_TZ,TO_YMINTERVAL,TOPLEVEL,TRACE,TRACING,TRACKING,TRAILING,TRANSACTION,TRANSFORM_DISTINCT_AGG,TRANSITION,TRANSITIONAL,TRANSLATE,TRANSLATION,TREAT,TRIGGER,TRIGGERS,TRIM,TRUE,TRUNC,TRUNCATE,TRUST,TRUSTED,TUNING,TX,TYPE,TYPES,TZ_OFFSET,U,UB2,UBA,UCS2,UID,UNARCHIVED,UNBOUND,UNBOUNDED,UNCONDITIONAL,UNDER,UNDO,UNDROP,UNIFORM,UNION,UNIQUE,UNISTR,UNLIMITED,UNLOAD,UNLOCK,UNMATCHED,UNNEST,UNNEST_INNERJ_DISTINCT_VIEW,UNNEST_NOSEMIJ_NODISTINCTVIEW,UNNEST_SEMIJ_VIEW,UNPACKED,UNPIVOT,UNPLUG,UNPROTECTED,UNQUIESCE,UNRECOVERABLE,UNRESTRICTED,UNSUBSCRIBE,UNTIL,UNUSABLE,UNUSED,UPD_INDEXES,UPD_JOININDEX,UPDATABLE,UPDATE,UPDATED,UPDATEXML,UPGRADE,UPPER,UPSERT,UROWID,USABLE,USAGE,USE,USE_ANTI,USE_CONCAT,USE_CUBE,USE_HASH,USE_HASH_AGGREGATION,USE_HASH_GBY_FOR_PUSHDOWN,USE_HIDDEN_PARTITIONS,USE_INVISIBLE_INDEXES,USE_MERGE,USE_MERGE_CARTESIAN,USE_NL,USE_NL_WITH_INDEX,USE_PRIVATE_OUTLINES,USE_SEMI,USE_STORED_OUTLINES,USE_TTT_FOR_GSETS,USE_VECTOR_AGGREGATION,USE_WEAK_NAME_RESL,USER,USER_DATA,USER_DEFINED,USER_RECYCLEBIN,USER_TABLESPACES,USERENV,USERGROUP,USERS,USING,USING_NO_EXPAND,UTF16BE,UTF16LE,UTF32,UTF8,V1,V2,VALID_TIME_END,VALIDATE,VALIDATION,VALUE,VALUES,VAR_POP,VAR_SAMP,VARCHAR,VARCHAR2,VARIANCE,VARRAY,VARRAYS,VARYING,VECTOR_READ,VECTOR_READ_TRACE,VECTOR_TRANSFORM,VECTOR_TRANSFORM_DIMS,VECTOR_TRANSFORM_FACT,VERIFIER,VERIFY,VERSION,VERSIONING,VERSIONS,VERSIONS_ENDSCN,VERSIONS_ENDTIME,VERSIONS_OPERATION,VERSIONS_STARTSCN,VERSIONS_STARTTIME,VERSIONS_XID,VIEW,VIOLATION,VIRTUAL,VISIBILITY,VISIBLE,VOLUME,VSIZE,WAIT,WALLET,WEEK,WEEKS,WELLFORMED,WHEN,WHENEVER,WHERE,WHILE,WHITESPACE,WIDTH_BUCKET,WITH,WITH_PLSQL,WITHIN,WITHOUT,WORK,WRAPPED,WRAPPER,WRITE,X_DYN_PRUNE,XDB_FASTPATH_INSERT,XID,XML,XML_DML_RWT_STMT,XML2OBJECT,XMLATTRIBUTES,XMLCAST,XMLCDATA,XMLCOLATTVAL,XMLCOMMENT,XMLCONCAT,XMLDIFF,XMLELEMENT,XMLEXISTS,XMLEXISTS2,XMLFOREST,XMLINDEX_REWRITE,XMLINDEX_REWRITE_IN_SELECT,XMLINDEX_SEL_IDX_TBL,XMLISNODE,XMLISVALID,XMLNAMESPACES,XMLPARSE,XMLPATCH,XMLPI,XMLQUERY,XMLQUERYVAL,XMLROOT,XMLSCHEMA,XMLSERIALIZE,XMLTABLE,XMLTOOBJECT,XMLTRANSFORM,XMLTRANSFORMBLOB,XMLTYPE,XPATHTABLE,XS,XS_SYS_CONTEXT,YEAR,YEARS,YES,ZONE,ZONEMAP]]></LIST><LIST name="SYS Package" style="SYS Package" id="9" dynamic="false"><![CDATA[AMGT$DATAPUMP,AS_REPLAY,CDBVIEW,DBMS_ADDM,DBMS_ADR,DBMS_ADR_APP,DBMS_ADR_INTERNAL,DBMS_ADVANCED_REWRITE,DBMS_ADVISOR,DBMS_ALERT,DBMS_APBACKEND,DBMS_APP_CONT,DBMS_APP_CONT_PRVT,DBMS_APPLICATION_INFO,DBMS_APPLY_ADM,DBMS_APPLY_ADM_INTERNAL,DBMS_APPLY_ADM_IVK,DBMS_APPLY_ERROR,DBMS_APPLY_HANDLER_ADM,DBMS_APPLY_HANDLER_INTERNAL,DBMS_APPLY_POSITION,DBMS_APPLY_PROCESS,DBMS_AQ,DBMS_AQ_BQVIEW,DBMS_AQ_EXP_CMT_TIME_TABLES,DBMS_AQ_EXP_DEQUEUELOG_TABLES,DBMS_AQ_EXP_HISTORY_TABLES,DBMS_AQ_EXP_INDEX_TABLES,DBMS_AQ_EXP_QUEUE_TABLES,DBMS_AQ_EXP_QUEUES,DBMS_AQ_EXP_SIGNATURE_TABLES,DBMS_AQ_EXP_SUBSCRIBER_TABLES,DBMS_AQ_EXP_TIMEMGR_TABLES,DBMS_AQ_EXP_ZECURITY,DBMS_AQ_IMP_INTERNAL,DBMS_AQ_IMP_ZECURITY,DBMS_AQ_IMPORT_INTERNAL,DBMS_AQ_INV,DBMS_AQ_SYS_EXP_ACTIONS,DBMS_AQ_SYS_EXP_INTERNAL,DBMS_AQ_SYS_IMP_INTERNAL,DBMS_AQADM,DBMS_AQADM_INV,DBMS_AQADM_SYS,DBMS_AQADM_SYSCALLS,DBMS_AQELM,DBMS_AQIN,DBMS_AQJMS,DBMS_AQJMS_INTERNAL,DBMS_ARCH_PROVIDER_INTL,DBMS_ASH_INTERNAL,DBMS_ASSERT,DBMS_ASYNCRPC_PUSH,DBMS_AUDIT_MGMT,DBMS_AUTO_REPORT,DBMS_AUTO_REPORT_INTERNAL,DBMS_AUTO_SQLTUNE,DBMS_AUTO_TASK,DBMS_AUTO_TASK_ADMIN,DBMS_AUTO_TASK_EXPORT,DBMS_AUTO_TASK_IMMEDIATE,DBMS_AUTOTASK_PRVT,DBMS_AW,DBMS_AW_EXP,DBMS_AW_STATS,DBMS_AW_XML,DBMS_AWR_REPORT_LAYOUT,DBMS_BACKUP_RESTORE,DBMS_CACHEUTIL,DBMS_CAPTURE_ADM,DBMS_CAPTURE_ADM_INTERNAL,DBMS_CAPTURE_ADM_IVK,DBMS_CAPTURE_PROCESS,DBMS_CAPTURE_SWITCH_ADM,DBMS_CAPTURE_SWITCH_INTERNAL,DBMS_CDC_DPUTIL,DBMS_CDC_EXPDP,DBMS_CDC_EXPVDP,DBMS_CDC_IMPDP,DBMS_CDC_IMPDPV,DBMS_CDC_IPUBLISH,DBMS_CDC_ISUBSCRIBE,DBMS_CDC_PUBLISH,DBMS_CDC_SUBSCRIBE,DBMS_CDC_SYS_IPUBLISH,DBMS_CDC_UTILITY,DBMS_CHANGE_NOTIFICATION,DBMS_CLIENT_RESULT_CACHE,DBMS_CLR,DBMS_CLUSTDB,DBMS_CMP_INT,DBMS_COMPARISON,DBMS_COMPRESSION,DBMS_CONNECTION_POOL,DBMS_CREDENTIAL,DBMS_CRYPTO,DBMS_CRYPTO_FFI,DBMS_CRYPTO_TOOLKIT,DBMS_CRYPTO_TOOLKIT_FFI,DBMS_CRYPTO_TOOLKIT_TYPES,DBMS_CUBE,DBMS_CUBE_ADVISE,DBMS_CUBE_ADVISE_SEC,DBMS_CUBE_EXP,DBMS_CUBE_LOG,DBMS_CUBE_UTIL,DBMS_DATA_MINING,DBMS_DATA_MINING_INTERNAL,DBMS_DATA_MINING_TRANSFORM,DBMS_DATAPUMP,DBMS_DATAPUMP_UTL,DBMS_DB_VERSION,DBMS_DBFS_CONTENT,DBMS_DBFS_CONTENT_ADMIN,DBMS_DBFS_CONTENT_SPI,DBMS_DBFS_HS,DBMS_DBFS_SFS,DBMS_DBFS_SFS_ADMIN,DBMS_DBVERIFY,DBMS_DDL,DBMS_DDL_INTERNAL,DBMS_DEBUG,DBMS_DEBUG_JDWP,DBMS_DEBUG_JDWP_CUSTOM,DBMS_DEFER,DBMS_DEFER_ENQ_UTL,DBMS_DEFER_IMPORT_INTERNAL,DBMS_DEFER_INTERNAL_QUERY,DBMS_DEFER_INTERNAL_SYS,DBMS_DEFER_QUERY,DBMS_DEFER_QUERY_UTL,DBMS_DEFER_REPCAT,DBMS_DEFER_SYS,DBMS_DEFER_SYS_PART1,DBMS_DEFERGEN,DBMS_DEFERGEN_AUDIT,DBMS_DEFERGEN_INTERNAL,DBMS_DEFERGEN_LOB,DBMS_DEFERGEN_PRIORITY,DBMS_DEFERGEN_RESOLUTION,DBMS_DEFERGEN_UTIL,DBMS_DEFERGEN_WRAP,DBMS_DESCRIBE,DBMS_DG,DBMS_DIMENSION,DBMS_DISTRIBUTED_TRUST_ADMIN,DBMS_DM_EXP_INTERNAL,DBMS_DM_MODEL_EXP,DBMS_DM_MODEL_IMP,DBMS_DM_UTIL,DBMS_DNFS,DBMS_DRS,DBMS_DST,DBMS_EDITIONS_UTILITIES,DBMS_EPG,DBMS_ERRLOG,DBMS_EXPORT_EXTENSION,DBMS_EXTENDED_TTS_CHECKS,DBMS_FBT,DBMS_FEATURE_USAGE,DBMS_FEATURE_USAGE_INTERNAL,DBMS_FEATURE_USAGE_REPORT,DBMS_FGA,DBMS_FILE_GROUP,DBMS_FILE_GROUP_DECL,DBMS_FILE_GROUP_EXP,DBMS_FILE_GROUP_EXP_INTERNAL,DBMS_FILE_GROUP_IMP,DBMS_FILE_GROUP_IMP_INTERNAL,DBMS_FILE_GROUP_INTERNAL_INVOK,DBMS_FILE_GROUP_UTL,DBMS_FILE_GROUP_UTL_INVOK,DBMS_FILE_TRANSFER,DBMS_FLASHBACK,DBMS_FLASHBACK_ARCHIVE,DBMS_FREQUENT_ITEMSET,DBMS_FS,DBMS_FUSE,DBMS_GOLDENGATE_AUTH,DBMS_HA_ALERTS,DBMS_HA_ALERTS_PRVT,DBMS_HEAT_MAP,DBMS_HM,DBMS_HPROF,DBMS_HS,DBMS_HS_ALT,DBMS_HS_CHK,DBMS_HS_PARALLEL,DBMS_HS_PARALLEL_METADATA,DBMS_HS_UTL,DBMS_I_INDEX_UTL,DBMS_IJOB,DBMS_ILM,DBMS_ILM_ADMIN,DBMS_INDEX_UTL,DBMS_INTERNAL_LOGSTDBY,DBMS_INTERNAL_REPCAT,DBMS_INTERNAL_ROLLING,DBMS_INTERNAL_SAFE_SCN,DBMS_INTERNAL_TRIGGER,DBMS_IR,DBMS_IREFRESH,DBMS_ISCHED,DBMS_ISCHED_CHAIN_CONDITION,DBMS_ISCHED_REMDB_JOB,DBMS_ISNAPSHOT,DBMS_ISYNCREF,DBMS_ITRIGGER_UTL,DBMS_JAVA,DBMS_JAVA_DEFINERS,DBMS_JAVA_DUMP,DBMS_JAVA_MISC,DBMS_JAVA_TEST,DBMS_JMS_PLSQL,DBMS_JOB,DBMS_JVM_EXP_PERMS,DBMS_LCR,DBMS_LDAP,DBMS_LDAP_API_FFI,DBMS_LDAP_UTL,DBMS_LOB,DBMS_LOB_AM_PRIVATE,DBMS_LOBUTIL,DBMS_LOCK,DBMS_LOG,DBMS_LOGMNR,DBMS_LOGMNR_D,DBMS_LOGMNR_INTERNAL,DBMS_LOGMNR_LOGREP_DICT,DBMS_LOGMNR_SESSION,DBMS_LOGREP_DEF_PROC_UTL,DBMS_LOGREP_EXP,DBMS_LOGREP_IMP,DBMS_LOGREP_IMP_INTERNAL,DBMS_LOGREP_UTIL,DBMS_LOGREP_UTIL_INVOK,DBMS_LOGSTDBY,DBMS_LOGSTDBY_CONTEXT,DBMS_MAINT_GEN,DBMS_MANAGEMENT_PACKS,DBMS_METADATA,DBMS_METADATA_BUILD,DBMS_METADATA_DIFF,DBMS_METADATA_DPBUILD,DBMS_METADATA_HACK,DBMS_METADATA_INT,DBMS_METADATA_UTIL,DBMS_MONITOR,DBMS_NETWORK_ACL_ADMIN,DBMS_NETWORK_ACL_UTILITY,DBMS_OBFUSCATION_TOOLKIT,DBMS_OBFUSCATION_TOOLKIT_FFI,DBMS_OBJECTS_UTILS,DBMS_ODCI,DBMS_OFFLINE_INTERNAL,DBMS_OFFLINE_OG,DBMS_OFFLINE_RGT,DBMS_OFFLINE_SNAPSHOT,DBMS_OFFLINE_UTL,DBMS_OUTPUT,DBMS_PARALLEL_EXECUTE,DBMS_PARALLEL_EXECUTE_INTERNAL,DBMS_PART,DBMS_PCLXUTIL,DBMS_PDB,DBMS_PERF,DBMS_PICKLER,DBMS_PIPE,DBMS_PITR,DBMS_PLUGTS,DBMS_PLUGTSP,DBMS_PREDICTIVE_ANALYTICS,DBMS_PREPROCESSOR,DBMS_PREUP,DBMS_PRIV_CAPTURE,DBMS_PRIVILEGE_CAPTURE,DBMS_PROFILER,DBMS_PROPAGATION_ADM,DBMS_PROPAGATION_INTERNAL,DBMS_PRVT_TRACE,DBMS_PRVTAQIM,DBMS_PRVTAQIP,DBMS_PRVTAQIS,DBMS_PRVTRMIE,DBMS_PRVTSQDS,DBMS_PRVTSQIS,DBMS_PSP,DBMS_PSWMG_IMPORT,DBMS_QOPATCH,DBMS_RANDOM,DBMS_RAT_MASK,DBMS_RCVMAN,DBMS_RECO_SCRIPT_INT,DBMS_RECO_SCRIPT_INVOK,DBMS_RECOVERABLE_SCRIPT,DBMS_RECTIFIER_DIFF,DBMS_RECTIFIER_FRIENDS,DBMS_REDACT,DBMS_REDACT_INT,DBMS_REDEFINITION,DBMS_REDEFINITION_INTERNAL,DBMS_REFRESH,DBMS_REFRESH_EXP_LWM,DBMS_REFRESH_EXP_SITES,DBMS_REGISTRY,DBMS_REGISTRY_SERVER,DBMS_REGISTRY_SYS,DBMS_REGXDB,DBMS_REPAIR,DBMS_REPCAT,DBMS_REPCAT_ADD_MASTER,DBMS_REPCAT_ADMIN,DBMS_REPCAT_AUTH,DBMS_REPCAT_CACHE,DBMS_REPCAT_COMMON_UTL,DBMS_REPCAT_CONF,DBMS_REPCAT_DECL,DBMS_REPCAT_EXP,DBMS_REPCAT_FLA,DBMS_REPCAT_FLA_MAS,DBMS_REPCAT_FLA_UTL,DBMS_REPCAT_INSTANTIATE,DBMS_REPCAT_INTERNAL,DBMS_REPCAT_INTERNAL_PACKAGE,DBMS_REPCAT_MAS,DBMS_REPCAT_MIG,DBMS_REPCAT_MIG_INTERNAL,DBMS_REPCAT_MIGRATION,DBMS_REPCAT_OBJ_UTL,DBMS_REPCAT_OUTPUT,DBMS_REPCAT_RGT,DBMS_REPCAT_RGT_ALT,DBMS_REPCAT_RGT_CHK,DBMS_REPCAT_RGT_CUST,DBMS_REPCAT_RGT_CUST2,DBMS_REPCAT_RGT_EXP,DBMS_REPCAT_RGT_UTL,DBMS_REPCAT_RPC,DBMS_REPCAT_RPC_UTL,DBMS_REPCAT_RQ,DBMS_REPCAT_SNA,DBMS_REPCAT_SNA_UTL,DBMS_REPCAT_SQL_UTL,DBMS_REPCAT_UNTRUSTED,DBMS_REPCAT_UTL,DBMS_REPCAT_UTL2,DBMS_REPCAT_UTL3,DBMS_REPCAT_UTL4,DBMS_REPCAT_VALIDATE,DBMS_REPORT,DBMS_REPUTIL,DBMS_REPUTIL2,DBMS_RESOURCE_MANAGER,DBMS_RESOURCE_MANAGER_PRIVS,DBMS_RESULT_CACHE,DBMS_RESULT_CACHE_API,DBMS_RESULT_CACHE_INTERNAL,DBMS_RESUMABLE,DBMS_RLS,DBMS_RMGR_GROUP_EXPORT,DBMS_RMGR_PACT_EXPORT,DBMS_RMGR_PLAN_EXPORT,DBMS_RMIN,DBMS_RMIN_SYS,DBMS_ROLLING,DBMS_ROWID,DBMS_RULE,DBMS_RULE_ADM,DBMS_RULE_EXIMP,DBMS_RULE_EXP_EC_INTERNAL,DBMS_RULE_EXP_EV_CTXS,DBMS_RULE_EXP_RL_INTERNAL,DBMS_RULE_EXP_RS_INTERNAL,DBMS_RULE_EXP_RULE_SETS,DBMS_RULE_EXP_RULES,DBMS_RULE_EXP_UTL,DBMS_RULE_EXP_UTLI,DBMS_RULE_IMP_OBJ,DBMS_RULE_INTERNAL,DBMS_RULEADM_INTERNAL,DBMS_SCHED_ARGUMENT_IMPORT,DBMS_SCHED_ATTRIBUTE_EXPORT,DBMS_SCHED_CHAIN_EXPORT,DBMS_SCHED_CLASS_EXPORT,DBMS_SCHED_CREDENTIAL_EXPORT,DBMS_SCHED_EXPORT_CALLOUTS,DBMS_SCHED_FILE_WATCHER_EXPORT,DBMS_SCHED_JOB_EXPORT,DBMS_SCHED_MAIN_EXPORT,DBMS_SCHED_PROGRAM_EXPORT,DBMS_SCHED_SCHEDULE_EXPORT,DBMS_SCHED_WINDOW_EXPORT,DBMS_SCHED_WINGRP_EXPORT,DBMS_SCHEDULER,DBMS_SECUREFILE_LOG_ADMIN,DBMS_SERVER_ALERT,DBMS_SERVER_ALERT_EXPORT,DBMS_SERVER_ALERT_PRVT,DBMS_SERVER_TRACE,DBMS_SERVICE,DBMS_SERVICE_CONST,DBMS_SERVICE_ERR,DBMS_SERVICE_PRVT,DBMS_SESSION,DBMS_SESSION_STATE,DBMS_SHARED_POOL,DBMS_SMB,DBMS_SMB_INTERNAL,DBMS_SNAP_INTERNAL,DBMS_SNAP_REPAPI,DBMS_SNAPSHOT,DBMS_SNAPSHOT_UTL,DBMS_SPACE,DBMS_SPACE_ADMIN,DBMS_SPD,DBMS_SPD_INTERNAL,DBMS_SPM,DBMS_SPM_INTERNAL,DBMS_SQADM_SYSCALLS,DBMS_SQL,DBMS_SQL_MONITOR,DBMS_SQL_TRANSLATOR,DBMS_SQL_TRANSLATOR_EXPORT,DBMS_SQLDIAG,DBMS_SQLDIAG_INTERNAL,DBMS_SQLHASH,DBMS_SQLJTYPE,DBMS_SQLPA,DBMS_SQLPLUS_SCRIPT,DBMS_SQLTCB_INTERNAL,DBMS_SQLTUNE,DBMS_SQLTUNE_INTERNAL,DBMS_SQLTUNE_UTIL0,DBMS_SQLTUNE_UTIL1,DBMS_SQLTUNE_UTIL2,DBMS_STANDARD,DBMS_STAT_FUNCS,DBMS_STAT_FUNCS_AUX,DBMS_STATS,DBMS_STATS_INTERNAL,DBMS_STORAGE_MAP,DBMS_STREAMS,DBMS_STREAMS_ADM,DBMS_STREAMS_ADM_IVK,DBMS_STREAMS_ADM_UTL,DBMS_STREAMS_ADM_UTL_INT,DBMS_STREAMS_ADM_UTL_INVOK,DBMS_STREAMS_ADV_ADM_UTL,DBMS_STREAMS_ADV_ADM_UTL_INVOK,DBMS_STREAMS_ADVISOR_ADM,DBMS_STREAMS_AUTH,DBMS_STREAMS_AUTO_INT,DBMS_STREAMS_CDC_ADM,DBMS_STREAMS_CONTROL_ADM,DBMS_STREAMS_DATAPUMP,DBMS_STREAMS_DATAPUMP_UTIL,DBMS_STREAMS_DECL,DBMS_STREAMS_HANDLER_ADM,DBMS_STREAMS_HANDLER_INTERNAL,DBMS_STREAMS_LCR_INT,DBMS_STREAMS_MC,DBMS_STREAMS_MC_INV,DBMS_STREAMS_MESSAGING,DBMS_STREAMS_MT,DBMS_STREAMS_PUB_RPC,DBMS_STREAMS_RPC,DBMS_STREAMS_RPC_INTERNAL,DBMS_STREAMS_SM,DBMS_STREAMS_TABLESPACE_ADM,DBMS_STREAMS_TBS_INT,DBMS_STREAMS_TBS_INT_INVOK,DBMS_SUM_RWEQ_EXPORT,DBMS_SUM_RWEQ_EXPORT_INTERNAL,DBMS_SUMMARY,DBMS_SUMREF_UTIL,DBMS_SUMVDM,DBMS_SWRF_INTERNAL,DBMS_SWRF_REPORT_INTERNAL,DBMS_SYNC_REFRESH,DBMS_SYS_ERROR,DBMS_SYS_SQL,DBMS_SYSTEM,DBMS_TDB,DBMS_TDE_TOOLKIT,DBMS_TDE_TOOLKIT_FFI,DBMS_TRACE,DBMS_TRANSACTION,DBMS_TRANSACTION_INTERNAL_SYS,DBMS_TRANSFORM,DBMS_TRANSFORM_EXIMP,DBMS_TRANSFORM_EXIMP_INTERNAL,DBMS_TRANSFORM_INTERNAL,DBMS_TSDP_MANAGE,DBMS_TSDP_PROTECT,DBMS_TTS,DBMS_TYPE_UTILITY,DBMS_TYPES,DBMS_UNDO_ADV,DBMS_UTILITY,DBMS_WARNING,DBMS_WARNING_INTERNAL,DBMS_WLM,DBMS_WORKLOAD_CAPTURE,DBMS_WORKLOAD_REPLAY,DBMS_WORKLOAD_REPOSITORY,DBMS_WRR_INTERNAL,DBMS_XA,DBMS_XDS,DBMS_XMLGEN,DBMS_XMLQUERY,DBMS_XMLSAVE,DBMS_XMLSTORE,DBMS_XPLAN,DBMS_XQUERY,DBMS_XQUERYINT,DBMS_XRWMV,DBMS_XS_FIDM,DBMS_XS_MTCACHE,DBMS_XS_PRINCIPALS,DBMS_XS_SESSIONS,DBMS_XS_SESSIONS_FFI,DBMS_XS_SIDP,DBMS_XS_SYSTEM,DBMS_XS_SYSTEM_FFI,DBMS_XSTREAM_ADM,DBMS_XSTREAM_ADM_INTERNAL,DBMS_XSTREAM_ADM_UTL,DBMS_XSTREAM_AUTH,DBMS_XSTREAM_AUTH_IVK,DBMS_XSTREAM_GG,DBMS_XSTREAM_GG_ADM,DBMS_XSTREAM_GG_INTERNAL,DBMS_XSTREAM_UTL_IVK,DBMS_ZHELP,DBMS_ZHELP_IR,DBMSHSXP,DBMSOBJG,DBMSOBJG_DP,DBMSOBJG2,DBMSOBJGWRAPPER,DBMSZEXP_SYSPKGGRNT,DIANA,DIUTIL,DM_CL_CUR,DM_FE_CUR,DM_GLM_CUR,DM_MODB_CUR,DM_NMF_CUR,DM_QGEN,DM_SVM_CUR,DM_XFORM,DMP_SEC,DMP_SYS,GENCONNECTIONINTERFACE,GENCURSORMANAGERINTERFACE,GENDATABASEINTERFACE,GENDATAPROVIDERINTERFACE,GENDATATYPEIDCONSTANTS,GENDEFINITIONMANAGERINTERFACE,GENMDMCLASSCONSTANTS,GENMDMOBJECTIDCONSTANTS,GENMDMPROPERTYIDCONSTANTS,GENMETADATAPROVIDERINTERFACE,GENSERVERINTERFACE,GET_ERROR$,HM_SQLTK_INTERNAL,HTF,HTMLDB_SYSTEM,HTP,INITJVMAUX,JAVA_XA,JAVAVM_SYS,JVMFCB,JVMRJBC,KUPC$QUE_INT,KUPC$QUEUE,KUPC$QUEUE_INT,KUPCC,KUPD$DATA,KUPD$DATA_INT,KUPF$FILE,KUPF$FILE_INT,KUPM$MCP,KUPP$PROC,KUPU$UTILITIES,KUPU$UTILITIES_INT,KUPV$FT,KUPV$FT_INT,KUPW$WORKER,LCR$_XML_SCHEMA,LOGMNR_DICT_CACHE,LOGMNR_EM_SUPPORT,LOGSTDBY_INTERNAL,ODCICONST,ODM_ASSOCIATION_RULE_MODEL,ODM_CLUSTERING_UTIL,ODM_MODEL_UTIL,ODM_OC_CLUSTERING_MODEL,ODM_UTIL,OJDS_CONTEXT,OJDS_NAMESPACE,OUTLN_EDIT_PKG,OUTLN_PKG,OWA,OWA_CACHE,OWA_COOKIE,OWA_CUSTOM,OWA_CX,OWA_IMAGE,OWA_MATCH,OWA_OPT_LOCK,OWA_PATTERN,OWA_SEC,OWA_TEXT,OWA_UTIL,PBREAK,PBRPH,PBSDE,PBUTL,PIDL,PLITBLM,PRIVATE_JDBC,PRVT_ACCESS_ADVISOR,PRVT_ADVISOR,PRVT_AWR_DATA,PRVT_AWR_DATA_CP,PRVT_AWR_VIEWER,PRVT_COMPRESS,PRVT_COMPRESSION,PRVT_CPADDM,PRVT_DIMENSION_SYS_UTIL,PRVT_EMX,PRVT_HDM,PRVT_ILM,PRVT_PARTREC_NOPRIV,PRVT_REPORT_REGISTRY,PRVT_REPORT_TAGS,PRVT_RTADDM,PRVT_SMGUTIL,PRVT_SQLADV_INFRA,PRVT_SQLPA,PRVT_SQLPROF_INFRA,PRVT_SQLSET_INFRA,PRVT_SYS_TUNE_MVIEW,PRVT_TUNE_MVIEW,PRVT_UADV,PRVT_WORKLOAD,PRVT_WORKLOAD_NOPRIV,PRVTEMX_ADMIN,PRVTEMX_DBHOME,PRVTEMX_MEMORY,PRVTEMX_PERF,PRVTPARENTCHILD,PSTDY_DATAPUMP_SUPPORT,RMJVM,SQLJUTL,SQLJUTL2,STANDARD,SYS_STUB_FOR_PURITY_ANALYSIS,TSDP$DATAPUMP,URIFACTORY,UTL_CALL_STACK,UTL_COLL,UTL_COMPRESS,UTL_ENCODE,UTL_FILE,UTL_GDK,UTL_HTTP,UTL_I18N,UTL_IDENT,UTL_INADDR,UTL_LMS,UTL_MATCH,UTL_NLA,UTL_RAW,UTL_RECOMP,UTL_REF,UTL_SMTP,UTL_SYS_COMPRESS,UTL_TCP,UTL_URL,UTL_XML,WPG_DOCLOAD,WPIUTL,WWV_DBMS_SQL,WWV_FLOW_KEY,WWV_FLOW_VAL,XML_SCHEMA_NAME_PRESENT,XS_ACL,XS_ACL_INT,XS_ADMIN_INT,XS_ADMIN_UTIL,XS_DATA_SECURITY,XS_DATA_SECURITY_INT,XS_DATA_SECURITY_UTIL,XS_DIAG,XS_DIAG_INT,XS_MTCACHE_INT,XS_NAMESPACE,XS_NAMESPACE_INT,XS_PRINCIPAL,XS_PRINCIPAL_INT,XS_ROLESET,XS_ROLESET_INT,XS_SECURITY_CLASS,XS_SECURITY_CLASS_INT]]></LIST></WORD_LISTS><GENERAL><COMMENT style="line"><![CDATA[--]]></COMMENT><COMMENT style="block_start"><![CDATA[/*]]></COMMENT><COMMENT style="block_end"><![CDATA[*/]]></COMMENT><EXTS><![CDATA[FNC,JAVA,JVS,PKB,PKS,PLS,PRC,SQL,TPB,TPS,TRG,VW]]></EXTS></GENERAL></LEXER><LEXER name="XML" id="5"><STYLES><STYLE name="Comment"><PROPS><BOLD>false</BOLD><FORE>clGreen</FORE><ITALIC>true</ITALIC><UNDERLINE>false</UNDERLINE></PROPS><STATES>9</STATES></STYLE><STYLE name="String"><PROPS><FORE>clPurple</FORE></PROPS><STATES>6,7</STATES></STYLE><STYLE name="Attribute"><PROPS><FORE>clRed</FORE></PROPS><STATES>3,4</STATES></STYLE><STYLE name="Tag"><PROPS><FORE>clBlue</FORE></PROPS><STATES>1,11,2</STATES></STYLE><STYLE name="CDATA"><PROPS><FORE>$000098EA</FORE></PROPS><STATES>17</STATES></STYLE><STYLE name="Declaration Start/End"><PROPS><FORE>clFuchsia</FORE></PROPS><STATES>12,13</STATES></STYLE></STYLES><WORD_LISTS/><GENERAL><COMMENT style="line"><![CDATA[]]></COMMENT><COMMENT style="block_start"><![CDATA[<!--]]></COMMENT><COMMENT style="block_end"><![CDATA[-->]]></COMMENT><EXTS><![CDATA[XML]]></EXTS></GENERAL></LEXER></LEXERS><GLOBAL_STYLES><STYLE name="Default" global_style="0"><PROPS><BACK>clWhite</BACK><BOLD>false</BOLD><CHANGEABLE>true</CHANGEABLE><CHARACTERCASE>0</CHARACTERCASE><EOLFILLED>false</EOLFILLED><FONT><![CDATA[Fixedsys]]></FONT><FORE>clBlack</FORE><HOTSPOT>false</HOTSPOT><ITALIC>false</ITALIC><SIZE>10</SIZE><UNDERLINE>false</UNDERLINE></PROPS></STYLE><STYLE name="Line Number" global_style="1"><PROPS><BACK>$20F0F0F0</BACK><FORE>clGray</FORE></PROPS></STYLE><STYLE name="Brace Highlighting" global_style="2"><PROPS><BACK>$006CFF77</BACK><BOLD>true</BOLD><FORE>clBlack</FORE><ITALIC>false</ITALIC><UNDERLINE>false</UNDERLINE></PROPS></STYLE><STYLE name="Brace Highlighting, Unmatched" global_style="3"><PROPS><BACK>$00A99FFF</BACK><BOLD>true</BOLD><FORE>clBlack</FORE><ITALIC>false</ITALIC><UNDERLINE>false</UNDERLINE></PROPS></STYLE><STYLE name="Control Character" global_style="4"><PROPS/></STYLE><STYLE name="Ident Guide" global_style="5"><PROPS><BOLD>false</BOLD><FORE>clGray</FORE><ITALIC>false</ITALIC><UNDERLINE>false</UNDERLINE></PROPS></STYLE><STYLE name="Whitespace" global_style="6"><PROPS><BOLD>false</BOLD><FORE>clMedGray</FORE><ITALIC>false</ITALIC><UNDERLINE>false</UNDERLINE></PROPS></STYLE><STYLE name="Fold Margin" global_style="7"><PROPS><BACK>$00EFEFEF</BACK><BOLD>false</BOLD><FORE>clWhite</FORE><ITALIC>false</ITALIC><UNDERLINE>false</UNDERLINE></PROPS></STYLE><STYLE name="Caret" global_style="8"><PROPS><FORE>clGray</FORE></PROPS></STYLE><STYLE name="Edge" global_style="9"><PROPS><BOLD>false</BOLD><FORE>clSilver</FORE><ITALIC>false</ITALIC><UNDERLINE>false</UNDERLINE></PROPS></STYLE><STYLE name="Fold Indicator" global_style="10"><PROPS><BACK>$20F0F0F0</BACK><BOLD>false</BOLD><FORE>clGray</FORE><ITALIC>false</ITALIC><UNDERLINE>false</UNDERLINE></PROPS></STYLE><STYLE name="Fold Indicator, Active" global_style="11"><PROPS><BOLD>false</BOLD><FORE>clRed</FORE><ITALIC>false</ITALIC><UNDERLINE>false</UNDERLINE></PROPS></STYLE><STYLE name="Current Line" global_style="12"><PROPS><BACK>$00FFF0E0</BACK><BOLD>false</BOLD><ITALIC>false</ITALIC><UNDERLINE>false</UNDERLINE></PROPS></STYLE><STYLE name="Selected Text" global_style="13"><PROPS><BACK>$00FF9933</BACK><BOLD>false</BOLD><FORE>clWhite</FORE><ITALIC>false</ITALIC><UNDERLINE>false</UNDERLINE></PROPS></STYLE><STYLE name="Selected Text, Additional" global_style="14"><PROPS><BACK>$20C0C0C0</BACK><BOLD>false</BOLD><ITALIC>false</ITALIC><UNDERLINE>false</UNDERLINE></PROPS></STYLE><STYLE name="CTRL+Click Identifier" global_style="15"><PROPS><BACK>clRed</BACK><ALPHA>50</ALPHA></PROPS></STYLE><STYLE name="Search Match" global_style="16"><PROPS><BACK>clTeal</BACK><BOLD>false</BOLD><ITALIC>false</ITALIC><ALPHA>75</ALPHA><UNDERLINE>false</UNDERLINE></PROPS></STYLE><STYLE name="Syntax Error" global_style="17"><PROPS><BACK>clRed</BACK><BOLD>false</BOLD><ITALIC>false</ITALIC><INDIC_STYLE>13</INDIC_STYLE><UNDERLINE>false</UNDERLINE></PROPS></STYLE><STYLE name="Code Analysis" global_style="18"><PROPS><BACK>clBlue</BACK><INDIC_STYLE>13</INDIC_STYLE></PROPS></STYLE><STYLE name="Execution Line Marker" global_style="19"><PROPS><BACK>clBlack</BACK><BOLD>false</BOLD><FORE>clBlack</FORE><ITALIC>false</ITALIC><UNDERLINE>false</UNDERLINE></PROPS></STYLE><STYLE name="Debugger Break" global_style="20"><PROPS><BACK>clBlue</BACK><BOLD>false</BOLD><ITALIC>false</ITALIC><ALPHA>75</ALPHA><UNDERLINE>false</UNDERLINE></PROPS></STYLE><STYLE name="Execution Error" global_style="21"><PROPS><BACK>clMaroon</BACK><BOLD>false</BOLD><ITALIC>false</ITALIC><ALPHA>75</ALPHA><UNDERLINE>false</UNDERLINE></PROPS></STYLE><STYLE name="Disabled Breakpoint" global_style="22"><PROPS><BACK>clGray</BACK><BOLD>false</BOLD><ITALIC>false</ITALIC><ALPHA>75</ALPHA><UNDERLINE>false</UNDERLINE></PROPS></STYLE><STYLE name="Enabled Breakpoint" global_style="23"><PROPS><BACK>clRed</BACK><BOLD>false</BOLD><ITALIC>false</ITALIC><ALPHA>75</ALPHA><UNDERLINE>false</UNDERLINE></PROPS></STYLE><STYLE name="Parameter Hint" global_style="24"><PROPS><BACK>clBlue</BACK><BOLD>false</BOLD><ITALIC>false</ITALIC><UNDERLINE>false</UNDERLINE></PROPS></STYLE><STYLE name="Current Block" global_style="25"><PROPS><BACK>clGray</BACK><BOLD>false</BOLD><ITALIC>false</ITALIC><ALPHA>75</ALPHA><UNDERLINE>false</UNDERLINE></PROPS></STYLE><STYLE name="Function/Procedure Separator" global_style="26"><PROPS><BACK>clRed</BACK><BOLD>false</BOLD><ITALIC>false</ITALIC><ALPHA>75</ALPHA><UNDERLINE>false</UNDERLINE></PROPS></STYLE></GLOBAL_STYLES></STYLING>
