<SHORTCUTS><KEYBINDING command="0"><SHORTCUT>Shift+Tab</SHORTCUT></KEYBINDING><KEYBINDING command="1"><SHORTCUT>Esc</SHORTCUT></KEYBINDING><KEYBINDING command="2"><SHORTCUT>Left</SHORTCUT></KEYBINDING><KEYBINDING command="3"><SHORTCUT>Shift+Left</SHORTCUT></KEYBINDING><KEYBINDING command="4"><SHORTCUT>Shift+Alt+Left</SHORTCUT></KEYBINDING><KEYBINDING command="5"><SHORTCUT>Right</SHORTCUT></KEYBINDING><KEYBINDING command="6"><SHORTCUT>Shift+Right</SHORTCUT></KEYBINDING><KEYBINDING command="7"><SHORTCUT>Shift+Alt+Right</SHORTCUT></KEYBINDING><KEYBINDING command="8"><SHORTCUT>Del</SHORTCUT></KEYBINDING><KEYBINDING command="9"><SHORTCUT></SHORTCUT></KEYBINDING><KEYBINDING command="10"><SHORTCUT></SHORTCUT></KEYBINDING><KEYBINDING command="11"><SHORTCUT>BkSp</SHORTCUT><SHORTCUT>Shift+BkSp</SHORTCUT></KEYBINDING><KEYBINDING command="12"><SHORTCUT></SHORTCUT></KEYBINDING><KEYBINDING command="13"><SHORTCUT>Shift+Ctrl+BkSp</SHORTCUT></KEYBINDING><KEYBINDING command="14"><SHORTCUT>Shift+Ctrl+Del</SHORTCUT></KEYBINDING><KEYBINDING command="15"><SHORTCUT>Ctrl+BkSp</SHORTCUT></KEYBINDING><KEYBINDING command="16"><SHORTCUT></SHORTCUT></KEYBINDING><KEYBINDING command="17"><SHORTCUT>Ctrl+Del</SHORTCUT></KEYBINDING><KEYBINDING command="18"><SHORTCUT>Ctrl+End</SHORTCUT></KEYBINDING><KEYBINDING command="19"><SHORTCUT>Shift+Ctrl+End</SHORTCUT></KEYBINDING><KEYBINDING command="20"><SHORTCUT>Ctrl+Home</SHORTCUT></KEYBINDING><KEYBINDING command="21"><SHORTCUT>Shift+Ctrl+Home</SHORTCUT></KEYBINDING><KEYBINDING command="22"><SHORTCUT>Ins</SHORTCUT></KEYBINDING><KEYBINDING command="23"><SHORTCUT></SHORTCUT></KEYBINDING><KEYBINDING command="24"><SHORTCUT>Home</SHORTCUT></KEYBINDING><KEYBINDING command="25"><SHORTCUT>Alt+Home</SHORTCUT></KEYBINDING><KEYBINDING command="26"><SHORTCUT></SHORTCUT></KEYBINDING><KEYBINDING command="27"><SHORTCUT>Shift+Home</SHORTCUT></KEYBINDING><KEYBINDING command="28"><SHORTCUT>Shift+Alt+Home</SHORTCUT></KEYBINDING><KEYBINDING command="29"><SHORTCUT></SHORTCUT></KEYBINDING><KEYBINDING command="30"><SHORTCUT></SHORTCUT></KEYBINDING><KEYBINDING command="31"><SHORTCUT>Shift+Ctrl+T</SHORTCUT></KEYBINDING><KEYBINDING command="32"><SHORTCUT>Shift+Ctrl+Y</SHORTCUT></KEYBINDING><KEYBINDING command="33"><SHORTCUT>Ctrl+Y</SHORTCUT></KEYBINDING><KEYBINDING command="34"><SHORTCUT>Down</SHORTCUT></KEYBINDING><KEYBINDING command="35"><SHORTCUT>Shift+Down</SHORTCUT></KEYBINDING><KEYBINDING command="36"><SHORTCUT>Shift+Alt+Down</SHORTCUT></KEYBINDING><KEYBINDING command="37"><SHORTCUT></SHORTCUT></KEYBINDING><KEYBINDING command="38"><SHORTCUT>End</SHORTCUT></KEYBINDING><KEYBINDING command="39"><SHORTCUT>Alt+End</SHORTCUT></KEYBINDING><KEYBINDING command="40"><SHORTCUT></SHORTCUT></KEYBINDING><KEYBINDING command="41"><SHORTCUT>Shift+End</SHORTCUT></KEYBINDING><KEYBINDING command="42"><SHORTCUT>Shift+Alt+End</SHORTCUT></KEYBINDING><KEYBINDING command="43"><SHORTCUT></SHORTCUT></KEYBINDING><KEYBINDING command="44"><SHORTCUT></SHORTCUT></KEYBINDING><KEYBINDING command="45"><SHORTCUT>Ctrl+Down</SHORTCUT></KEYBINDING><KEYBINDING command="46"><SHORTCUT>Ctrl+Up</SHORTCUT></KEYBINDING><KEYBINDING command="47"><SHORTCUT></SHORTCUT></KEYBINDING><KEYBINDING command="48"><SHORTCUT>Up</SHORTCUT></KEYBINDING><KEYBINDING command="49"><SHORTCUT>Shift+Up</SHORTCUT></KEYBINDING><KEYBINDING command="50"><SHORTCUT>Shift+Alt+Up</SHORTCUT></KEYBINDING><KEYBINDING command="51"><SHORTCUT>Ctrl+L</SHORTCUT></KEYBINDING><KEYBINDING command="52"><SHORTCUT></SHORTCUT></KEYBINDING><KEYBINDING command="53"><SHORTCUT></SHORTCUT></KEYBINDING><KEYBINDING command="54"><SHORTCUT>Enter</SHORTCUT></KEYBINDING><KEYBINDING command="55"><SHORTCUT>PgDn</SHORTCUT></KEYBINDING><KEYBINDING command="56"><SHORTCUT>Shift+PgDn</SHORTCUT></KEYBINDING><KEYBINDING command="57"><SHORTCUT>Shift+Alt+PgDn</SHORTCUT></KEYBINDING><KEYBINDING command="58"><SHORTCUT>PgUp</SHORTCUT></KEYBINDING><KEYBINDING command="59"><SHORTCUT>Shift+PgUp</SHORTCUT></KEYBINDING><KEYBINDING command="60"><SHORTCUT>Shift+Alt+PgUp</SHORTCUT></KEYBINDING><KEYBINDING command="61"><SHORTCUT></SHORTCUT></KEYBINDING><KEYBINDING command="62"><SHORTCUT></SHORTCUT></KEYBINDING><KEYBINDING command="63"><SHORTCUT></SHORTCUT></KEYBINDING><KEYBINDING command="64"><SHORTCUT></SHORTCUT></KEYBINDING><KEYBINDING command="65"><SHORTCUT></SHORTCUT></KEYBINDING><KEYBINDING command="66"><SHORTCUT>Shift+Ctrl+Z</SHORTCUT></KEYBINDING><KEYBINDING command="67"><SHORTCUT></SHORTCUT></KEYBINDING><KEYBINDING command="68"><SHORTCUT></SHORTCUT></KEYBINDING><KEYBINDING command="69"><SHORTCUT>Ctrl+A</SHORTCUT></KEYBINDING><KEYBINDING command="70"><SHORTCUT></SHORTCUT></KEYBINDING><KEYBINDING command="71"><SHORTCUT>Ctrl+-</SHORTCUT></KEYBINDING><KEYBINDING command="72"><SHORTCUT></SHORTCUT></KEYBINDING><KEYBINDING command="73"><SHORTCUT></SHORTCUT></KEYBINDING><KEYBINDING command="74"><SHORTCUT></SHORTCUT></KEYBINDING><KEYBINDING command="75"><SHORTCUT></SHORTCUT></KEYBINDING><KEYBINDING command="76"><SHORTCUT>Tab</SHORTCUT></KEYBINDING><KEYBINDING command="77"><SHORTCUT>Ctrl+Z</SHORTCUT></KEYBINDING><KEYBINDING command="78"><SHORTCUT>Ctrl+U</SHORTCUT></KEYBINDING><KEYBINDING command="79"><SHORTCUT></SHORTCUT></KEYBINDING><KEYBINDING command="80"><SHORTCUT></SHORTCUT></KEYBINDING><KEYBINDING command="81"><SHORTCUT></SHORTCUT></KEYBINDING><KEYBINDING command="82"><SHORTCUT></SHORTCUT></KEYBINDING><KEYBINDING command="83"><SHORTCUT></SHORTCUT></KEYBINDING><KEYBINDING command="84"><SHORTCUT></SHORTCUT></KEYBINDING><KEYBINDING command="85"><SHORTCUT></SHORTCUT></KEYBINDING><KEYBINDING command="86"><SHORTCUT></SHORTCUT></KEYBINDING><KEYBINDING command="87"><SHORTCUT>Ctrl+Left</SHORTCUT></KEYBINDING><KEYBINDING command="88"><SHORTCUT></SHORTCUT></KEYBINDING><KEYBINDING command="89"><SHORTCUT></SHORTCUT></KEYBINDING><KEYBINDING command="90"><SHORTCUT>Shift+Ctrl+Left</SHORTCUT></KEYBINDING><KEYBINDING command="91"><SHORTCUT></SHORTCUT></KEYBINDING><KEYBINDING command="92"><SHORTCUT></SHORTCUT></KEYBINDING><KEYBINDING command="93"><SHORTCUT></SHORTCUT></KEYBINDING><KEYBINDING command="94"><SHORTCUT></SHORTCUT></KEYBINDING><KEYBINDING command="95"><SHORTCUT>Ctrl+Right</SHORTCUT></KEYBINDING><KEYBINDING command="96"><SHORTCUT></SHORTCUT></KEYBINDING><KEYBINDING command="97"><SHORTCUT></SHORTCUT></KEYBINDING><KEYBINDING command="98"><SHORTCUT>Shift+Ctrl+Right</SHORTCUT></KEYBINDING><KEYBINDING command="99"><SHORTCUT>Ctrl++ (ZEHNERTASTATUR)</SHORTCUT></KEYBINDING><KEYBINDING command="100"><SHORTCUT>Ctrl+- (ZEHNERTASTATUR)</SHORTCUT></KEYBINDING><KEYBINDING command="101"><SHORTCUT>Ctrl+Space</SHORTCUT></KEYBINDING><KEYBINDING command="102"><SHORTCUT>Shift+Ctrl+B</SHORTCUT></KEYBINDING><KEYBINDING command="103"><SHORTCUT>Ctrl+B</SHORTCUT></KEYBINDING><KEYBINDING command="104"><SHORTCUT>Ctrl+I</SHORTCUT></KEYBINDING><KEYBINDING command="105"><SHORTCUT>Alt+Up</SHORTCUT></KEYBINDING><KEYBINDING command="106"><SHORTCUT>Alt+Down</SHORTCUT></KEYBINDING><KEYBINDING command="107"><SHORTCUT>Alt+Enter</SHORTCUT></KEYBINDING><KEYBINDING command="108"><SHORTCUT>Ctrl+PgUp</SHORTCUT></KEYBINDING><KEYBINDING command="109"><SHORTCUT>Ctrl+PgDn</SHORTCUT></KEYBINDING><KEYBINDING command="110"><SHORTCUT></SHORTCUT></KEYBINDING><KEYBINDING command="111"><SHORTCUT>Shift+Ctrl+Up</SHORTCUT><SHORTCUT>Shift+Ctrl+Down</SHORTCUT></KEYBINDING><KEYBINDING command="112"><SHORTCUT>Shift+Ctrl+C</SHORTCUT></KEYBINDING><KEYBINDING command="113"><SHORTCUT>Ctrl+N</SHORTCUT></KEYBINDING><KEYBINDING command="115"><SHORTCUT></SHORTCUT></KEYBINDING><KEYBINDING command="116"><SHORTCUT></SHORTCUT></KEYBINDING><KEYBINDING command="117"><SHORTCUT></SHORTCUT></KEYBINDING><KEYBINDING command="118"><SHORTCUT></SHORTCUT></KEYBINDING><KEYBINDING command="119"><SHORTCUT></SHORTCUT></KEYBINDING><KEYBINDING command="120"><SHORTCUT></SHORTCUT></KEYBINDING><KEYBINDING command="121"><SHORTCUT></SHORTCUT></KEYBINDING><KEYBINDING command="122"><SHORTCUT></SHORTCUT></KEYBINDING></SHORTCUTS>
