<ToadOracle>
	<FileVersion Encryption="AES">1</FileVersion>
	<ConnectionHierarchy>
		<DbPlatform name="Oracle">
			<Connections>
				<Connection type="Oracle">
					<User>
						<![CDATA[DBSS]]>
					</User>
					<Server>VM</Server>
					<AutoConnect>False</AutoConnect>
					<Home>C:\Software\Oracle\database\product\12.2.0\client_1</Home>
					<SavePassword>False</SavePassword>
					<Password>pFvvTmTF87FDL15xV5+wcTOFe9dKU3gGq7PsVQ==</Password>
					<Favorite>False</Favorite>
					<SessionReadOnly>False</SessionReadOnly>
					<Alias/>
					<Host/>
					<InstanceName/>
					<Sid/>
					<Port/>
					<LDAP/>
					<ConnectionType>Client</ConnectionType>
					<Protocol/>
					<ProtocolName/>
					<Color>65280</Color>
					<ConnectionMode>Default</ConnectionMode>
					<LastConnectionDate>2018-05-03T06:41:52.088Z</LastConnectionDate>
					<RelativePosition>4</RelativePosition>
					<GUID>{FEEF631D-3374-4C54-9737-E8B5A12B170E}</GUID>
					<CustomFields/>
				</Connection>
				<Connection type="Oracle">
					<User>
						<![CDATA[UT3]]>
					</User>
					<Server>VM</Server>
					<AutoConnect>False</AutoConnect>
					<Home>C:\Software\Oracle\database\product\12.2.0\client_1</Home>
					<SavePassword>False</SavePassword>
					<Password>a5eOwj4pdtM7HCqp/ZyrA6nSalf+PnzX2d1JRA==</Password>
					<Favorite>False</Favorite>
					<SessionReadOnly>False</SessionReadOnly>
					<Alias/>
					<Host/>
					<InstanceName/>
					<Sid/>
					<Port/>
					<LDAP/>
					<ConnectionType>Client</ConnectionType>
					<Protocol/>
					<ProtocolName/>
					<Color>16711680</Color>
					<ConnectionMode>Default</ConnectionMode>
					<LastConnectionDate>2018-05-02T18:07:52.996Z</LastConnectionDate>
					<RelativePosition>5</RelativePosition>
					<GUID>{64A4443D-2B1A-4F2E-BF55-D33B6CD62A7D}</GUID>
					<CustomFields/>
				</Connection>
				<Connection type="Oracle">
					<User>
						<![CDATA[SYSTEM]]>
					</User>
					<Server>VM</Server>
					<AutoConnect>False</AutoConnect>
					<Home>C:\Software\Oracle\database\product\12.2.0\client_1</Home>
					<SavePassword>False</SavePassword>
					<Password>v31234iB9IWNzsVLn/Ab7+7AeSXVEGZE2tGq7g==</Password>
					<Favorite>False</Favorite>
					<SessionReadOnly>False</SessionReadOnly>
					<Alias/>
					<Host/>
					<InstanceName/>
					<Sid/>
					<Port/>
					<LDAP/>
					<ConnectionType>Client</ConnectionType>
					<Protocol/>
					<ProtocolName/>
					<Color>255</Color>
					<ConnectionMode>Default</ConnectionMode>
					<LastConnectionDate>2018-05-02T11:43:23.445Z</LastConnectionDate>
					<RelativePosition>3</RelativePosition>
					<GUID>{DFFB4444-B0C7-45A9-95FB-4F73EA7BDAB5}</GUID>
					<CustomFields/>
				</Connection>
				<Connection type="Oracle">
					<User>
						<![CDATA[SYS]]>
					</User>
					<Server>VM</Server>
					<AutoConnect>False</AutoConnect>
					<Home>C:\Software\Oracle\database\product\12.2.0\client_1</Home>
					<SavePassword>False</SavePassword>
					<Password>9ug81Zmu4wLi0K2EzAffM3KxSDL5I7c74TIhbA==</Password>
					<Favorite>False</Favorite>
					<SessionReadOnly>False</SessionReadOnly>
					<Alias/>
					<Host/>
					<InstanceName/>
					<Sid/>
					<Port/>
					<LDAP/>
					<ConnectionType>Client</ConnectionType>
					<Protocol/>
					<ProtocolName/>
					<Color>255</Color>
					<ConnectionMode>SYSDBA</ConnectionMode>
					<LastConnectionDate>2018-05-02T11:42:13.847Z</LastConnectionDate>
					<RelativePosition>2</RelativePosition>
					<GUID>{823EED44-372D-4E15-B78C-8483E2CF5907}</GUID>
					<CustomFields/>
				</Connection>
				<Connection type="Oracle">
					<User>
						<![CDATA[SYS]]>
					</User>
					<Server>LOCALHOST:1521/ORCL</Server>
					<AutoConnect>False</AutoConnect>
					<Home>C:\Software\Oracle\database\product\12.2.0\client_1</Home>
					<SavePassword>False</SavePassword>
					<Password>4DOmI7C8FXQV4WLRoVqzLBgor7+dMXPWPccTAw==</Password>
					<Favorite>False</Favorite>
					<SessionReadOnly>False</SessionReadOnly>
					<Alias/>
					<Host>LOCALHOST</Host>
					<InstanceName/>
					<Sid>ORCL</Sid>
					<Port>1521</Port>
					<LDAP/>
					<ConnectionType ServiceName="True">Direct</ConnectionType>
					<Protocol>TCP</Protocol>
					<ProtocolName>TCP</ProtocolName>
					<Color>255</Color>
					<ConnectionMode>SYSDBA</ConnectionMode>
					<LastConnectionDate>2018-04-28T07:09:20.349Z</LastConnectionDate>
					<RelativePosition>0</RelativePosition>
					<GUID>{D9C741AE-1028-406B-8E17-79205EE4B0A8}</GUID>
					<CustomFields/>
				</Connection>
				<Connection type="Oracle">
					<User>
						<![CDATA[SYSTEM]]>
					</User>
					<Server>LOCALHOST:1521/ORCL</Server>
					<AutoConnect>False</AutoConnect>
					<Home>C:\Software\Oracle\database\product\12.2.0\client_1</Home>
					<SavePassword>False</SavePassword>
					<Password>W9X2BsZdrDBqL4DDwI1Z/pShrDK7Z0+33TxZCA==</Password>
					<Favorite>False</Favorite>
					<SessionReadOnly>False</SessionReadOnly>
					<Alias/>
					<Host>LOCALHOST</Host>
					<InstanceName/>
					<Sid>ORCL</Sid>
					<Port>1521</Port>
					<LDAP/>
					<ConnectionType ServiceName="True">Direct</ConnectionType>
					<Protocol>TCP</Protocol>
					<ProtocolName>TCP</ProtocolName>
					<Color>255</Color>
					<ConnectionMode>SYSDBA</ConnectionMode>
					<LastConnectionDate>2018-04-21T12:51:24.683Z</LastConnectionDate>
					<RelativePosition>1</RelativePosition>
					<GUID>{E72B144E-E382-4C2F-B5A9-D1B5C6061553}</GUID>
					<CustomFields/>
				</Connection>
			</Connections>
		</DbPlatform>
	</ConnectionHierarchy>
</ToadOracle>
