<History><Object><Type>TABLE</Type><Schema>DBSS</Schema><Name>LOGGER_LOGS</Name><Valid>True</Valid><Enabled>True</Enabled><XtraData>ID</XtraData><XtraFlag>1</XtraFlag><Table>USERS</Table><TableSchema>10
Yes
Disabled

Default
Default
Yes
</TableSchema><Wrapped>False</Wrapped><WrapChecked>True</WrapChecked><ObjID>80040</ObjID></Object><Object><Type>VIEW</Type><Schema>SYS</Schema><Name>DBA_ROLES</Name><Valid>True</Valid><Enabled>True</Enabled><XtraData>ColumnName	ColID	Null	DataType	Default	Comments	Updatable	SearchedForComment	RealDataType	IsBinaryXML
ROLE	1	N	VARCHAR2 (128 Byte)					VARCHAR2	False
ROLE_ID	2	N	NUMBER					NUMBER	False
PASSWORD_REQUIRED	3	Y	VARCHAR2 (8 Byte)					VARCHAR2	False
AUTHENTICATION_TYPE	4	Y	VARCHAR2 (11 Byte)					VARCHAR2	False
COMMON	5	Y	VARCHAR2 (3 Byte)					VARCHAR2	False
ORACLE_MAINTAINED	6	Y	VARCHAR2 (1 Byte)					VARCHAR2	False
INHERITED	7	Y	VARCHAR2 (3 Byte)					VARCHAR2	False
IMPLICIT	8	Y	VARCHAR2 (3 Byte)					VARCHAR2	False
</XtraData><XtraFlag>-1</XtraFlag><Table></Table><TableSchema></TableSchema><Wrapped>False</Wrapped><WrapChecked>True</WrapChecked><ObjID>5144</ObjID></Object><Object><Type>VIEW</Type><Schema>SYS</Schema><Name>DBA_PROFILES</Name><Valid>True</Valid><Enabled>True</Enabled><XtraData>ColumnName	ColID	Null	DataType	Default	Comments	Updatable	SearchedForComment	RealDataType	IsBinaryXML
PROFILE	1	N	VARCHAR2 (128 Byte)					VARCHAR2	False
RESOURCE_NAME	2	N	VARCHAR2 (32 Byte)					VARCHAR2	False
RESOURCE_TYPE	3	Y	VARCHAR2 (8 Byte)					VARCHAR2	False
LIMIT	4	Y	VARCHAR2 (128 Byte)					VARCHAR2	False
COMMON	5	Y	VARCHAR2 (3 Byte)					VARCHAR2	False
INHERITED	6	Y	VARCHAR2 (3 Byte)					VARCHAR2	False
IMPLICIT	7	Y	VARCHAR2 (3 Byte)					VARCHAR2	False
</XtraData><XtraFlag>-1</XtraFlag><Table></Table><TableSchema></TableSchema><Wrapped>False</Wrapped><WrapChecked>True</WrapChecked><ObjID>5041</ObjID></Object><Object><Type>USER</Type><Schema></Schema><Name>UT3</Name><Valid>True</Valid><Enabled>True</Enabled><XtraData>OPEN</XtraData><XtraFlag>-1</XtraFlag><Table>USERS</Table><TableSchema>TEMP</TableSchema><Wrapped>False</Wrapped><WrapChecked>True</WrapChecked><ObjID>139</ObjID></Object></History>
