<History><Object><Type>USER</Type><Schema></Schema><Name>UT3</Name><Valid>True</Valid><Enabled>True</Enabled><XtraData>OPEN</XtraData><XtraFlag>-1</XtraFlag><Table>USERS</Table><TableSchema>TEMP</TableSchema><Wrapped>False</Wrapped><WrapChecked>False</WrapChecked><ObjID>152</ObjID></Object><Object><Type>TABLE</Type><Schema>C##DBSS</Schema><Name>LOGGER_LOGS</Name><Valid>True</Valid><Enabled>True</Enabled><XtraData>ID</XtraData><XtraFlag>1</XtraFlag><Table>USERS</Table><TableSchema>
Yes
Disabled

Default
Default
Yes
</TableSchema><Wrapped>False</Wrapped><WrapChecked>True</WrapChecked><ObjID>83044</ObjID></Object><Object><Type>TABLE</Type><Schema>C##DBSS</Schema><Name>LOGGER_PREFS_BY_CLIENT_ID</Name><Valid>True</Valid><Enabled>True</Enabled><XtraData>CLIENT_ID</XtraData><XtraFlag>1</XtraFlag><Table>USERS</Table><TableSchema>
Yes
Disabled

Default
Default
No
</TableSchema><Wrapped>False</Wrapped><WrapChecked>True</WrapChecked><ObjID>83061</ObjID></Object><Object><Type>TABLE</Type><Schema>C##DBSS</Schema><Name>LOGGER_PREFS</Name><Valid>True</Valid><Enabled>True</Enabled><XtraData>PREF_TYPE, PREF_NAME</XtraData><XtraFlag>1</XtraFlag><Table>USERS</Table><TableSchema>
Yes
Disabled

Default
Default
Yes
</TableSchema><Wrapped>False</Wrapped><WrapChecked>True</WrapChecked><ObjID>83050</ObjID></Object><Object><Type>TABLE</Type><Schema>C##DBSS</Schema><Name>LOGGER_LOGS_APEX_ITEMS</Name><Valid>True</Valid><Enabled>True</Enabled><XtraData>ID</XtraData><XtraFlag>1</XtraFlag><Table>USERS</Table><TableSchema>
Yes
Disabled

Default
Default
No
</TableSchema><Wrapped>False</Wrapped><WrapChecked>True</WrapChecked><ObjID>83054</ObjID></Object><Object><Type>PACKAGE BODY</Type><Schema>C##DBSS</Schema><Name>DBSS_ADM</Name><Valid>False</Valid><Enabled>True</Enabled><XtraData></XtraData><XtraFlag>-1</XtraFlag><Table></Table><TableSchema></TableSchema><Wrapped>False</Wrapped><WrapChecked>True</WrapChecked><ObjID>83083</ObjID></Object><Object><Type>PACKAGE</Type><Schema>C##DBSS</Schema><Name>DBSS_UTIL</Name><Valid>False</Valid><Enabled>True</Enabled><XtraData></XtraData><XtraFlag>-1</XtraFlag><Table></Table><TableSchema></TableSchema><Wrapped>False</Wrapped><WrapChecked>True</WrapChecked><ObjID>83036</ObjID></Object><Object><Type>TYPE</Type><Schema>C##DBSS</Schema><Name>G_STMNTS_NT</Name><Valid>True</Valid><Enabled>False</Enabled><XtraData>0</XtraData><XtraFlag>0</XtraFlag><Table>COLLECTION</Table><TableSchema></TableSchema><Wrapped>False</Wrapped><WrapChecked>True</WrapChecked><ObjID>82933</ObjID></Object><Object><Type>TYPE</Type><Schema>C##DBSS</Schema><Name>G_STMNT_OT</Name><Valid>True</Valid><Enabled>False</Enabled><XtraData>3</XtraData><XtraFlag>0</XtraFlag><Table>OBJECT</Table><TableSchema></TableSchema><Wrapped>False</Wrapped><WrapChecked>True</WrapChecked><ObjID>82952</ObjID></Object><Object><Type>PACKAGE BODY</Type><Schema>UT3</Schema><Name>UT_COVERAGE</Name><Valid>False</Valid><Enabled>True</Enabled><XtraData></XtraData><XtraFlag>-1</XtraFlag><Table></Table><TableSchema></TableSchema><Wrapped>False</Wrapped><WrapChecked>True</WrapChecked><ObjID>81186</ObjID></Object><Object><Type>PACKAGE BODY</Type><Schema>C##DBSS</Schema><Name>TEST_DBSS_FLASHBACK</Name><Valid>False</Valid><Enabled>True</Enabled><XtraData></XtraData><XtraFlag>-1</XtraFlag><Table></Table><TableSchema></TableSchema><Wrapped>False</Wrapped><WrapChecked>True</WrapChecked><ObjID>82949</ObjID></Object><Object><Type>PACKAGE BODY</Type><Schema>C##DBSS</Schema><Name>TEST_DBSS_UTIL</Name><Valid>False</Valid><Enabled>True</Enabled><XtraData></XtraData><XtraFlag>-1</XtraFlag><Table></Table><TableSchema></TableSchema><Wrapped>False</Wrapped><WrapChecked>True</WrapChecked><ObjID>82951</ObjID></Object><Object><Type>PACKAGE BODY</Type><Schema>C##DBSS</Schema><Name>TEST_DBSS_ADM</Name><Valid>False</Valid><Enabled>True</Enabled><XtraData></XtraData><XtraFlag>-1</XtraFlag><Table></Table><TableSchema></TableSchema><Wrapped>False</Wrapped><WrapChecked>True</WrapChecked><ObjID>82947</ObjID></Object><Object><Type>PACKAGE BODY</Type><Schema>C##DBSS</Schema><Name>DBSS_UTIL</Name><Valid>False</Valid><Enabled>True</Enabled><XtraData></XtraData><XtraFlag>-1</XtraFlag><Table></Table><TableSchema></TableSchema><Wrapped>False</Wrapped><WrapChecked>True</WrapChecked><ObjID>82733</ObjID></Object><Object><Type>VIEW</Type><Schema>SYS</Schema><Name>V_$DATABASE</Name><Valid>True</Valid><Enabled>True</Enabled><XtraData>ColumnName	ColID	Null	DataType	Default	Comments	Updatable	SearchedForComment	RealDataType	IsBinaryXML
DBID	1	Y	NUMBER					NUMBER	False
NAME	2	Y	VARCHAR2 (9 Byte)					VARCHAR2	False
CREATED	3	Y	DATE					DATE	False
RESETLOGS_CHANGE#	4	Y	NUMBER					NUMBER	False
RESETLOGS_TIME	5	Y	DATE					DATE	False
PRIOR_RESETLOGS_CHANGE#	6	Y	NUMBER					NUMBER	False
PRIOR_RESETLOGS_TIME	7	Y	DATE					DATE	False
LOG_MODE	8	Y	VARCHAR2 (12 Byte)					VARCHAR2	False
CHECKPOINT_CHANGE#	9	Y	NUMBER					NUMBER	False
ARCHIVE_CHANGE#	10	Y	NUMBER					NUMBER	False
CONTROLFILE_TYPE	11	Y	VARCHAR2 (7 Byte)					VARCHAR2	False
CONTROLFILE_CREATED	12	Y	DATE					DATE	False
CONTROLFILE_SEQUENCE#	13	Y	NUMBER					NUMBER	False
CONTROLFILE_CHANGE#	14	Y	NUMBER					NUMBER	False
CONTROLFILE_TIME	15	Y	DATE					DATE	False
OPEN_RESETLOGS	16	Y	VARCHAR2 (11 Byte)					VARCHAR2	False
VERSION_TIME	17	Y	DATE					DATE	False
OPEN_MODE	18	Y	VARCHAR2 (20 Byte)					VARCHAR2	False
PROTECTION_MODE	19	Y	VARCHAR2 (20 Byte)					VARCHAR2	False
PROTECTION_LEVEL	20	Y	VARCHAR2 (20 Byte)					VARCHAR2	False
REMOTE_ARCHIVE	21	Y	VARCHAR2 (8 Byte)					VARCHAR2	False
ACTIVATION#	22	Y	NUMBER					NUMBER	False
SWITCHOVER#	23	Y	NUMBER					NUMBER	False
DATABASE_ROLE	24	Y	VARCHAR2 (16 Byte)					VARCHAR2	False
ARCHIVELOG_CHANGE#	25	Y	NUMBER					NUMBER	False
ARCHIVELOG_COMPRESSION	26	Y	VARCHAR2 (8 Byte)					VARCHAR2	False
SWITCHOVER_STATUS	27	Y	VARCHAR2 (20 Byte)					VARCHAR2	False
DATAGUARD_BROKER	28	Y	VARCHAR2 (8 Byte)					VARCHAR2	False
GUARD_STATUS	29	Y	VARCHAR2 (7 Byte)					VARCHAR2	False
SUPPLEMENTAL_LOG_DATA_MIN	30	Y	VARCHAR2 (8 Byte)					VARCHAR2	False
SUPPLEMENTAL_LOG_DATA_PK	31	Y	VARCHAR2 (3 Byte)					VARCHAR2	False
SUPPLEMENTAL_LOG_DATA_UI	32	Y	VARCHAR2 (3 Byte)					VARCHAR2	False
FORCE_LOGGING	33	Y	VARCHAR2 (39 Byte)					VARCHAR2	False
PLATFORM_ID	34	Y	NUMBER					NUMBER	False
PLATFORM_NAME	35	Y	VARCHAR2 (101 Byte)					VARCHAR2	False
RECOVERY_TARGET_INCARNATION#	36	Y	NUMBER					NUMBER	False
LAST_OPEN_INCARNATION#	37	Y	NUMBER					NUMBER	False
CURRENT_SCN	38	Y	NUMBER					NUMBER	False
FLASHBACK_ON	39	Y	VARCHAR2 (18 Byte)					VARCHAR2	False
SUPPLEMENTAL_LOG_DATA_FK	40	Y	VARCHAR2 (3 Byte)					VARCHAR2	False
SUPPLEMENTAL_LOG_DATA_ALL	41	Y	VARCHAR2 (3 Byte)					VARCHAR2	False
DB_UNIQUE_NAME	42	Y	VARCHAR2 (30 Byte)					VARCHAR2	False
STANDBY_BECAME_PRIMARY_SCN	43	Y	NUMBER					NUMBER	False
FS_FAILOVER_STATUS	44	Y	VARCHAR2 (22 Byte)					VARCHAR2	False
FS_FAILOVER_CURRENT_TARGET	45	Y	VARCHAR2 (30 Byte)					VARCHAR2	False
FS_FAILOVER_THRESHOLD	46	Y	NUMBER					NUMBER	False
FS_FAILOVER_OBSERVER_PRESENT	47	Y	VARCHAR2 (7 Byte)					VARCHAR2	False
FS_FAILOVER_OBSERVER_HOST	48	Y	VARCHAR2 (512 Byte)					VARCHAR2	False
CONTROLFILE_CONVERTED	49	Y	VARCHAR2 (3 Byte)					VARCHAR2	False
PRIMARY_DB_UNIQUE_NAME	50	Y	VARCHAR2 (30 Byte)					VARCHAR2	False
SUPPLEMENTAL_LOG_DATA_PL	51	Y	VARCHAR2 (3 Byte)					VARCHAR2	False
MIN_REQUIRED_CAPTURE_CHANGE#	52	Y	NUMBER					NUMBER	False
CDB	53	Y	VARCHAR2 (3 Byte)					VARCHAR2	False
CON_ID	54	Y	NUMBER					NUMBER	False
PENDING_ROLE_CHANGE_TASKS	55	Y	VARCHAR2 (512 Byte)					VARCHAR2	False
CON_DBID	56	Y	NUMBER					NUMBER	False
FORCE_FULL_DB_CACHING	57	Y	VARCHAR2 (3 Byte)					VARCHAR2	False
</XtraData><XtraFlag>-1</XtraFlag><Table></Table><TableSchema></TableSchema><Wrapped>False</Wrapped><WrapChecked>True</WrapChecked><ObjID>2027</ObjID></Object><Object><Type>DIRECTORY</Type><Schema>SYS</Schema><Name>DBSS_APPS_DIR</Name><Valid>True</Valid><Enabled>True</Enabled><XtraData>".$orabase."/local/c##dbss/bin</XtraData><XtraFlag>-1</XtraFlag><Table></Table><TableSchema></TableSchema><Wrapped>False</Wrapped><WrapChecked>True</WrapChecked><ObjID>-1</ObjID></Object><Object><Type>VIEW</Type><Schema>SYS</Schema><Name>CDB_CONTAINER_DATA</Name><Valid>True</Valid><Enabled>True</Enabled><XtraData>ColumnName	ColID	Null	DataType	Default	Comments	Updatable	SearchedForComment	RealDataType	IsBinaryXML
</XtraData><XtraFlag>-1</XtraFlag><Table></Table><TableSchema></TableSchema><Wrapped>False</Wrapped><WrapChecked>True</WrapChecked><ObjID>4867</ObjID></Object><Object><Type>VIEW</Type><Schema>SYS</Schema><Name>DBA_CONTAINER_DATA</Name><Valid>True</Valid><Enabled>True</Enabled><XtraData>ColumnName	ColID	Null	DataType	Default	Comments	Updatable	SearchedForComment	RealDataType	IsBinaryXML
</XtraData><XtraFlag>-1</XtraFlag><Table></Table><TableSchema></TableSchema><Wrapped>False</Wrapped><WrapChecked>True</WrapChecked><ObjID>4865</ObjID></Object><Object><Type>VIEW</Type><Schema>SYS</Schema><Name>GV_$CONTAINERS</Name><Valid>True</Valid><Enabled>True</Enabled><XtraData>ColumnName	ColID	Null	DataType	Default	Comments	Updatable	SearchedForComment	RealDataType	IsBinaryXML
</XtraData><XtraFlag>-1</XtraFlag><Table></Table><TableSchema></TableSchema><Wrapped>False</Wrapped><WrapChecked>True</WrapChecked><ObjID>3964</ObjID></Object><Object><Type>VIEW</Type><Schema>SYS</Schema><Name>INT$CONTAINER_OBJ$</Name><Valid>True</Valid><Enabled>True</Enabled><XtraData>ColumnName	ColID	Null	DataType	Default	Comments	Updatable	SearchedForComment	RealDataType	IsBinaryXML
</XtraData><XtraFlag>-1</XtraFlag><Table></Table><TableSchema></TableSchema><Wrapped>False</Wrapped><WrapChecked>True</WrapChecked><ObjID>4864</ObjID></Object><Object><Type>VIEW</Type><Schema>SYS</Schema><Name>V_$CONTAINERS</Name><Valid>True</Valid><Enabled>True</Enabled><XtraData>ColumnName	ColID	Null	DataType	Default	Comments	Updatable	SearchedForComment	RealDataType	IsBinaryXML
</XtraData><XtraFlag>-1</XtraFlag><Table></Table><TableSchema></TableSchema><Wrapped>False</Wrapped><WrapChecked>True</WrapChecked><ObjID>3962</ObjID></Object><Object><Type>VIEW</Type><Schema>SYS</Schema><Name>V_$CONTEXT</Name><Valid>True</Valid><Enabled>True</Enabled><XtraData>ColumnName	ColID	Null	DataType	Default	Comments	Updatable	SearchedForComment	RealDataType	IsBinaryXML
</XtraData><XtraFlag>-1</XtraFlag><Table></Table><TableSchema></TableSchema><Wrapped>False</Wrapped><WrapChecked>True</WrapChecked><ObjID>7759</ObjID></Object><Object><Type>VIEW</Type><Schema>SYS</Schema><Name>V_$PDB_INCARNATION</Name><Valid>True</Valid><Enabled>True</Enabled><XtraData>ColumnName	ColID	Null	DataType	Default	Comments	Updatable	SearchedForComment	RealDataType	IsBinaryXML
</XtraData><XtraFlag>-1</XtraFlag><Table></Table><TableSchema></TableSchema><Wrapped>False</Wrapped><WrapChecked>True</WrapChecked><ObjID>3970</ObjID></Object><Object><Type>VIEW</Type><Schema>SYS</Schema><Name>V_$PDBS</Name><Valid>True</Valid><Enabled>True</Enabled><XtraData>ColumnName	ColID	Null	DataType	Default	Comments	Updatable	SearchedForComment	RealDataType	IsBinaryXML
</XtraData><XtraFlag>-1</XtraFlag><Table></Table><TableSchema></TableSchema><Wrapped>False</Wrapped><WrapChecked>True</WrapChecked><ObjID>3958</ObjID></Object><Object><Type>VIEW</Type><Schema>SYS</Schema><Name>V_$RESTORE_POINT</Name><Valid>True</Valid><Enabled>True</Enabled><XtraData>ColumnName	ColID	Null	DataType	Default	Comments	Updatable	SearchedForComment	RealDataType	IsBinaryXML
SCN	1	Y	NUMBER					NUMBER	False
DATABASE_INCARNATION#	2	Y	NUMBER					NUMBER	False
GUARANTEE_FLASHBACK_DATABASE	3	Y	VARCHAR2 (3 Byte)					VARCHAR2	False
STORAGE_SIZE	4	Y	NUMBER					NUMBER	False
TIME	5	Y	TIMESTAMP(9)					TIMESTAMP(9)	False
RESTORE_POINT_TIME	6	Y	TIMESTAMP(9)					TIMESTAMP(9)	False
PRESERVED	7	Y	VARCHAR2 (3 Byte)					VARCHAR2	False
NAME	8	Y	VARCHAR2 (128 Byte)					VARCHAR2	False
PDB_RESTORE_POINT	9	Y	VARCHAR2 (3 Byte)					VARCHAR2	False
CLEAN_PDB_RESTORE_POINT	10	Y	VARCHAR2 (3 Byte)					VARCHAR2	False
PDB_INCARNATION#	11	Y	NUMBER					NUMBER	False
CON_ID	12	Y	NUMBER					NUMBER	False
</XtraData><XtraFlag>-1</XtraFlag><Table></Table><TableSchema></TableSchema><Wrapped>False</Wrapped><WrapChecked>True</WrapChecked><ObjID>1965</ObjID></Object></History>
