<History><Object><Type>TABLE</Type><Schema>SYS</Schema><Name>ACLMV$</Name><Valid>True</Valid><Enabled>True</Enabled><XtraData>&lt;None&gt;</XtraData><XtraFlag>1</XtraFlag><Table>SYSTEM</Table><TableSchema>0
Yes
Disabled

Default
Default
Yes
</TableSchema><Wrapped>False</Wrapped><WrapChecked>True</WrapChecked><ObjID>607</ObjID></Object><Object><Type>PACKAGE</Type><Schema>SYS</Schema><Name>DBMS_ASSERT</Name><Valid>True</Valid><Enabled>True</Enabled><XtraData></XtraData><XtraFlag>0</XtraFlag><Table>K</Table><TableSchema></TableSchema><Wrapped>False</Wrapped><WrapChecked>True</WrapChecked><ObjID>12247</ObjID></Object><Object><Type>PACKAGE</Type><Schema>SYS</Schema><Name>DBMS_ADR</Name><Valid>True</Valid><Enabled>True</Enabled><XtraData></XtraData><XtraFlag>0</XtraFlag><Table>K</Table><TableSchema></TableSchema><Wrapped>False</Wrapped><WrapChecked>True</WrapChecked><ObjID>13623</ObjID></Object><Object><Type>FUNCTION</Type><Schema>SYS</Schema><Name>CLIENT_IP_ADDRESS</Name><Valid>True</Valid><Enabled>True</Enabled><XtraData>NO
NO
NO</XtraData><XtraFlag>0</XtraFlag><Table></Table><TableSchema></TableSchema><Wrapped>False</Wrapped><WrapChecked>True</WrapChecked><ObjID>14550</ObjID></Object></History>
