<History><Object><Type>VIEW</Type><Schema>SYS</Schema><Name>DBA_USERS</Name><Valid>True</Valid><Enabled>True</Enabled><XtraData>ColumnName	ColID	Null	DataType	Default	Comments	Updatable	SearchedForComment	RealDataType	IsBinaryXML
USERNAME	1	N	VARCHAR2 (128 Byte)					VARCHAR2	False
USER_ID	2	N	NUMBER					NUMBER	False
PASSWORD	3	Y	VARCHAR2 (4000 Byte)					VARCHAR2	False
ACCOUNT_STATUS	4	N	VARCHAR2 (32 Byte)					VARCHAR2	False
LOCK_DATE	5	Y	DATE					DATE	False
EXPIRY_DATE	6	Y	DATE					DATE	False
DEFAULT_TABLESPACE	7	N	VARCHAR2 (30 Byte)					VARCHAR2	False
TEMPORARY_TABLESPACE	8	N	VARCHAR2 (30 Byte)					VARCHAR2	False
LOCAL_TEMP_TABLESPACE	9	Y	VARCHAR2 (30 Byte)					VARCHAR2	False
CREATED	10	N	DATE					DATE	False
PROFILE	11	N	VARCHAR2 (128 Byte)					VARCHAR2	False
INITIAL_RSRC_CONSUMER_GROUP	12	Y	VARCHAR2 (128 Byte)					VARCHAR2	False
EXTERNAL_NAME	13	Y	VARCHAR2 (4000 Byte)					VARCHAR2	False
PASSWORD_VERSIONS	14	Y	VARCHAR2 (17 Byte)					VARCHAR2	False
EDITIONS_ENABLED	15	Y	VARCHAR2 (1 Byte)					VARCHAR2	False
AUTHENTICATION_TYPE	16	Y	VARCHAR2 (8 Byte)					VARCHAR2	False
PROXY_ONLY_CONNECT	17	Y	VARCHAR2 (1 Byte)					VARCHAR2	False
COMMON	18	Y	VARCHAR2 (3 Byte)					VARCHAR2	False
LAST_LOGIN	19	Y	TIMESTAMP(9) WITH TIME ZONE					TIMESTAMP(9) WITH TIME ZONE	False
ORACLE_MAINTAINED	20	Y	VARCHAR2 (1 Byte)					VARCHAR2	False
INHERITED	21	Y	VARCHAR2 (3 Byte)					VARCHAR2	False
DEFAULT_COLLATION	22	Y	VARCHAR2 (100 Byte)					VARCHAR2	False
IMPLICIT	23	Y	VARCHAR2 (3 Byte)					VARCHAR2	False
ALL_SHARD	24	Y	VARCHAR2 (3 Byte)					VARCHAR2	False
</XtraData><XtraFlag>-1</XtraFlag><Table></Table><TableSchema></TableSchema><Wrapped>False</Wrapped><WrapChecked>True</WrapChecked><ObjID>5054</ObjID></Object><Object><Type>VIEW</Type><Schema>SYS</Schema><Name>CDB_COMPARISON_ROW_DIF</Name><Valid>True</Valid><Enabled>True</Enabled><XtraData>ColumnName	ColID	Null	DataType	Default	Comments	Updatable	SearchedForComment	RealDataType	IsBinaryXML
OWNER	1	N	VARCHAR2 (128 Byte)					VARCHAR2	False
COMPARISON_NAME	2	N	VARCHAR2 (128 Byte)					VARCHAR2	False
SCAN_ID	3	N	NUMBER					NUMBER	False
LOCAL_ROWID	4	Y	ROWID					ROWID	False
REMOTE_ROWID	5	Y	ROWID					ROWID	False
INDEX_VALUE	6	Y	VARCHAR2 (4000 Byte)					VARCHAR2	False
STATUS	7	Y	VARCHAR2 (3 Byte)					VARCHAR2	False
LAST_UPDATE_TIME	8	Y	TIMESTAMP(6)					TIMESTAMP(6)	False
CON_ID	9	Y	NUMBER					NUMBER	False
</XtraData><XtraFlag>-1</XtraFlag><Table></Table><TableSchema></TableSchema><Wrapped>False</Wrapped><WrapChecked>True</WrapChecked><ObjID>17547</ObjID></Object><Object><Type>PACKAGE</Type><Schema>SYS</Schema><Name>DBMS_DB_VERSION</Name><Valid>True</Valid><Enabled>True</Enabled><XtraData></XtraData><XtraFlag>0</XtraFlag><Table>K</Table><TableSchema></TableSchema><Wrapped>False</Wrapped><WrapChecked>True</WrapChecked><ObjID>13072</ObjID></Object><Object><Type>TABLE</Type><Schema>SYS</Schema><Name>ACLMV$</Name><Valid>True</Valid><Enabled>True</Enabled><XtraData>&lt;None&gt;</XtraData><XtraFlag>1</XtraFlag><Table>SYSTEM</Table><TableSchema>0
Yes
Disabled

Default
Default
Yes
</TableSchema><Wrapped>False</Wrapped><WrapChecked>True</WrapChecked><ObjID>607</ObjID></Object><Object><Type>PACKAGE</Type><Schema>SYS</Schema><Name>DBMS_ASSERT</Name><Valid>True</Valid><Enabled>True</Enabled><XtraData></XtraData><XtraFlag>0</XtraFlag><Table>K</Table><TableSchema></TableSchema><Wrapped>False</Wrapped><WrapChecked>True</WrapChecked><ObjID>12247</ObjID></Object><Object><Type>PACKAGE</Type><Schema>SYS</Schema><Name>DBMS_ADR</Name><Valid>True</Valid><Enabled>True</Enabled><XtraData></XtraData><XtraFlag>0</XtraFlag><Table>K</Table><TableSchema></TableSchema><Wrapped>False</Wrapped><WrapChecked>True</WrapChecked><ObjID>13623</ObjID></Object><Object><Type>FUNCTION</Type><Schema>SYS</Schema><Name>CLIENT_IP_ADDRESS</Name><Valid>True</Valid><Enabled>True</Enabled><XtraData>NO
NO
NO</XtraData><XtraFlag>0</XtraFlag><Table></Table><TableSchema></TableSchema><Wrapped>False</Wrapped><WrapChecked>True</WrapChecked><ObjID>14550</ObjID></Object></History>
