<History><Object><Type>PACKAGE</Type><Schema>WWE</Schema><Name>DBSS_FLASHBACK</Name><Valid>False</Valid><Enabled>True</Enabled><XtraData></XtraData><XtraFlag>0</XtraFlag><Table>X</Table><TableSchema></TableSchema><Wrapped>False</Wrapped><WrapChecked>True</WrapChecked><ObjID>80093</ObjID></Object><Object><Type>PACKAGE BODY</Type><Schema>SYS</Schema><Name>C##DBSS_UTILS</Name><Valid>False</Valid><Enabled>True</Enabled><XtraData></XtraData><XtraFlag>-1</XtraFlag><Table></Table><TableSchema></TableSchema><Wrapped>False</Wrapped><WrapChecked>True</WrapChecked><ObjID>79590</ObjID></Object><Object><Type>DIRECTORY</Type><Schema>SYS</Schema><Name>WWE_DIR</Name><Valid>True</Valid><Enabled>True</Enabled><XtraData>/u01/app/oracle/local/wwe/bin</XtraData><XtraFlag>-1</XtraFlag><Table></Table><TableSchema></TableSchema><Wrapped>False</Wrapped><WrapChecked>True</WrapChecked><ObjID>-1</ObjID></Object><Object><Type>VIEW</Type><Schema>SYS</Schema><Name>ALL_DIRECTORIES</Name><Valid>True</Valid><Enabled>True</Enabled><XtraData>ColumnName	ColID	Null	DataType	Default	Comments	Updatable	SearchedForComment	RealDataType	IsBinaryXML
OWNER	1	N	VARCHAR2 (128 Byte)					VARCHAR2	False
DIRECTORY_NAME	2	N	VARCHAR2 (128 Byte)					VARCHAR2	False
DIRECTORY_PATH	3	Y	VARCHAR2 (4000 Byte)					VARCHAR2	False
ORIGIN_CON_ID	4	Y	NUMBER					NUMBER	False
</XtraData><XtraFlag>-1</XtraFlag><Table></Table><TableSchema></TableSchema><Wrapped>False</Wrapped><WrapChecked>True</WrapChecked><ObjID>5281</ObjID></Object><Object><Type>TABLE</Type><Schema>C##DBSS</Schema><Name>LOGGER_LOGS</Name><Valid>True</Valid><Enabled>True</Enabled><XtraData>ID</XtraData><XtraFlag>1</XtraFlag><Table>USERS</Table><TableSchema>
Yes
Disabled

Default
Default
Yes
</TableSchema><Wrapped>False</Wrapped><WrapChecked>True</WrapChecked><ObjID>79871</ObjID></Object><Object><Type>USER</Type><Schema></Schema><Name>C##DBSS</Name><Valid>True</Valid><Enabled>True</Enabled><XtraData>OPEN</XtraData><XtraFlag>-1</XtraFlag><Table>USERS</Table><TableSchema>TEMP</TableSchema><Wrapped>False</Wrapped><WrapChecked>True</WrapChecked><ObjID>142</ObjID></Object><Object><Type>TABLE</Type><Schema>C##DBSS</Schema><Name>LOGGER_LOGS_APEX_ITEMS</Name><Valid>True</Valid><Enabled>True</Enabled><XtraData>ID</XtraData><XtraFlag>1</XtraFlag><Table>USERS</Table><TableSchema>
Yes
Disabled

Default
Default
No
</TableSchema><Wrapped>False</Wrapped><WrapChecked>True</WrapChecked><ObjID>79613</ObjID></Object><Object><Type>PACKAGE BODY</Type><Schema>C##DBSS</Schema><Name>DBSS_FLASHBACK</Name><Valid>False</Valid><Enabled>True</Enabled><XtraData></XtraData><XtraFlag>-1</XtraFlag><Table></Table><TableSchema></TableSchema><Wrapped>False</Wrapped><WrapChecked>True</WrapChecked><ObjID>81771</ObjID></Object><Object><Type>VIEW</Type><Schema>SYS</Schema><Name>V_$THREAD</Name><Valid>True</Valid><Enabled>True</Enabled><XtraData>ColumnName	ColID	Null	DataType	Default	Comments	Updatable	SearchedForComment	RealDataType	IsBinaryXML
THREAD#	1	Y	NUMBER					NUMBER	False
STATUS	2	Y	VARCHAR2 (6 Byte)					VARCHAR2	False
ENABLED	3	Y	VARCHAR2 (8 Byte)					VARCHAR2	False
GROUPS	4	Y	NUMBER					NUMBER	False
INSTANCE	5	Y	VARCHAR2 (80 Byte)					VARCHAR2	False
OPEN_TIME	6	Y	DATE					DATE	False
CURRENT_GROUP#	7	Y	NUMBER					NUMBER	False
SEQUENCE#	8	Y	NUMBER					NUMBER	False
CHECKPOINT_CHANGE#	9	Y	NUMBER					NUMBER	False
CHECKPOINT_TIME	10	Y	DATE					DATE	False
ENABLE_CHANGE#	11	Y	NUMBER					NUMBER	False
ENABLE_TIME	12	Y	DATE					DATE	False
DISABLE_CHANGE#	13	Y	NUMBER					NUMBER	False
DISABLE_TIME	14	Y	DATE					DATE	False
LAST_REDO_SEQUENCE#	15	Y	NUMBER					NUMBER	False
LAST_REDO_BLOCK	16	Y	NUMBER					NUMBER	False
LAST_REDO_CHANGE#	17	Y	NUMBER					NUMBER	False
LAST_REDO_TIME	18	Y	DATE					DATE	False
CON_ID	19	Y	NUMBER					NUMBER	False
</XtraData><XtraFlag>-1</XtraFlag><Table></Table><TableSchema></TableSchema><Wrapped>False</Wrapped><WrapChecked>True</WrapChecked><ObjID>1891</ObjID></Object><Object><Type>VIEW</Type><Schema>SYS</Schema><Name>GV_$PX_INSTANCE_GROUP</Name><Valid>True</Valid><Enabled>True</Enabled><XtraData>ColumnName	ColID	Null	DataType	Default	Comments	Updatable	SearchedForComment	RealDataType	IsBinaryXML
</XtraData><XtraFlag>-1</XtraFlag><Table></Table><TableSchema></TableSchema><Wrapped>False</Wrapped><WrapChecked>True</WrapChecked><ObjID>3576</ObjID></Object><Object><Type>VIEW</Type><Schema>SYS</Schema><Name>GV_$INSTANCE_RECOVERY</Name><Valid>True</Valid><Enabled>True</Enabled><XtraData>ColumnName	ColID	Null	DataType	Default	Comments	Updatable	SearchedForComment	RealDataType	IsBinaryXML
</XtraData><XtraFlag>-1</XtraFlag><Table></Table><TableSchema></TableSchema><Wrapped>False</Wrapped><WrapChecked>True</WrapChecked><ObjID>2628</ObjID></Object><Object><Type>VIEW</Type><Schema>SYS</Schema><Name>GV_$INSTANCE_PING</Name><Valid>True</Valid><Enabled>True</Enabled><XtraData>ColumnName	ColID	Null	DataType	Default	Comments	Updatable	SearchedForComment	RealDataType	IsBinaryXML
</XtraData><XtraFlag>-1</XtraFlag><Table></Table><TableSchema></TableSchema><Wrapped>False</Wrapped><WrapChecked>True</WrapChecked><ObjID>3261</ObjID></Object><Object><Type>VIEW</Type><Schema>SYS</Schema><Name>GV_$INSTANCE_LOG_GROUP</Name><Valid>True</Valid><Enabled>True</Enabled><XtraData>ColumnName	ColID	Null	DataType	Default	Comments	Updatable	SearchedForComment	RealDataType	IsBinaryXML
</XtraData><XtraFlag>-1</XtraFlag><Table></Table><TableSchema></TableSchema><Wrapped>False</Wrapped><WrapChecked>True</WrapChecked><ObjID>3269</ObjID></Object><Object><Type>VIEW</Type><Schema>SYS</Schema><Name>GV_$INSTANCE</Name><Valid>True</Valid><Enabled>True</Enabled><XtraData>ColumnName	ColID	Null	DataType	Default	Comments	Updatable	SearchedForComment	RealDataType	IsBinaryXML
</XtraData><XtraFlag>-1</XtraFlag><Table></Table><TableSchema></TableSchema><Wrapped>False</Wrapped><WrapChecked>True</WrapChecked><ObjID>2760</ObjID></Object><Object><Type>VIEW</Type><Schema>SYS</Schema><Name>GV_$ACTIVE_INSTANCES</Name><Valid>True</Valid><Enabled>True</Enabled><XtraData>ColumnName	ColID	Null	DataType	Default	Comments	Updatable	SearchedForComment	RealDataType	IsBinaryXML
INST_ID	1	Y	NUMBER					NUMBER	False
INST_NUMBER	2	Y	NUMBER					NUMBER	False
INST_NAME	3	Y	VARCHAR2 (60 Byte)					VARCHAR2	False
CON_ID	4	Y	NUMBER					NUMBER	False
</XtraData><XtraFlag>-1</XtraFlag><Table></Table><TableSchema></TableSchema><Wrapped>False</Wrapped><WrapChecked>True</WrapChecked><ObjID>2943</ObjID></Object><Object><Type>VIEW</Type><Schema>SYS</Schema><Name>CDB_ADDM_INSTANCES</Name><Valid>True</Valid><Enabled>True</Enabled><XtraData>ColumnName	ColID	Null	DataType	Default	Comments	Updatable	SearchedForComment	RealDataType	IsBinaryXML
TASK_ID	1	N	NUMBER					NUMBER	False
INSTANCE_NUMBER	2	N	NUMBER					NUMBER	False
INSTANCE_NAME	3	Y	VARCHAR2 (16 Byte)					VARCHAR2	False
HOST_NAME	4	Y	VARCHAR2 (64 Byte)					VARCHAR2	False
STATUS	5	Y	VARCHAR2 (10 Byte)					VARCHAR2	False
DATABASE_TIME	6	Y	NUMBER					NUMBER	False
ACTIVE_SESSIONS	7	Y	NUMBER					NUMBER	False
PERC_ACTIVE_SESS	8	Y	NUMBER					NUMBER	False
METER_LEVEL	9	Y	VARCHAR2 (6 Byte)					VARCHAR2	False
LOCAL_TASK_ID	10	Y	NUMBER					NUMBER	False
CON_ID	11	Y	NUMBER					NUMBER	False
</XtraData><XtraFlag>-1</XtraFlag><Table></Table><TableSchema></TableSchema><Wrapped>False</Wrapped><WrapChecked>True</WrapChecked><ObjID>15041</ObjID></Object><Object><Type>VIEW</Type><Schema>SYS</Schema><Name>V_$INSTANCE</Name><Valid>True</Valid><Enabled>True</Enabled><XtraData>ColumnName	ColID	Null	DataType	Default	Comments	Updatable	SearchedForComment	RealDataType	IsBinaryXML
</XtraData><XtraFlag>-1</XtraFlag><Table></Table><TableSchema></TableSchema><Wrapped>False</Wrapped><WrapChecked>True</WrapChecked><ObjID>2029</ObjID></Object><Object><Type>DIRECTORY</Type><Schema>SYS</Schema><Name>C##DBSS_PDB_DIR</Name><Valid>True</Valid><Enabled>True</Enabled><XtraData>/u01/app/oracle/local/c##dbss/bin</XtraData><XtraFlag>-1</XtraFlag><Table></Table><TableSchema></TableSchema><Wrapped>False</Wrapped><WrapChecked>True</WrapChecked><ObjID>-1</ObjID></Object><Object><Type>USER</Type><Schema></Schema><Name>UT3</Name><Valid>True</Valid><Enabled>True</Enabled><XtraData>OPEN</XtraData><XtraFlag>-1</XtraFlag><Table>USERS</Table><TableSchema>TEMP</TableSchema><Wrapped>False</Wrapped><WrapChecked>True</WrapChecked><ObjID>152</ObjID></Object><Object><Type>TABLE</Type><Schema>C##DBSS</Schema><Name>LOGGER_PREFS_BY_CLIENT_ID</Name><Valid>True</Valid><Enabled>True</Enabled><XtraData>CLIENT_ID</XtraData><XtraFlag>1</XtraFlag><Table>USERS</Table><TableSchema>
Yes
Disabled

Default
Default
No
</TableSchema><Wrapped>False</Wrapped><WrapChecked>True</WrapChecked><ObjID>83061</ObjID></Object><Object><Type>TABLE</Type><Schema>C##DBSS</Schema><Name>LOGGER_PREFS</Name><Valid>True</Valid><Enabled>True</Enabled><XtraData>PREF_TYPE, PREF_NAME</XtraData><XtraFlag>1</XtraFlag><Table>USERS</Table><TableSchema>
Yes
Disabled

Default
Default
Yes
</TableSchema><Wrapped>False</Wrapped><WrapChecked>True</WrapChecked><ObjID>83050</ObjID></Object><Object><Type>PACKAGE BODY</Type><Schema>C##DBSS</Schema><Name>DBSS_ADM</Name><Valid>False</Valid><Enabled>True</Enabled><XtraData></XtraData><XtraFlag>-1</XtraFlag><Table></Table><TableSchema></TableSchema><Wrapped>False</Wrapped><WrapChecked>True</WrapChecked><ObjID>83083</ObjID></Object><Object><Type>PACKAGE</Type><Schema>C##DBSS</Schema><Name>DBSS_UTIL</Name><Valid>False</Valid><Enabled>True</Enabled><XtraData></XtraData><XtraFlag>-1</XtraFlag><Table></Table><TableSchema></TableSchema><Wrapped>False</Wrapped><WrapChecked>True</WrapChecked><ObjID>83036</ObjID></Object><Object><Type>TYPE</Type><Schema>C##DBSS</Schema><Name>G_STMNTS_NT</Name><Valid>True</Valid><Enabled>False</Enabled><XtraData>0</XtraData><XtraFlag>0</XtraFlag><Table>COLLECTION</Table><TableSchema></TableSchema><Wrapped>False</Wrapped><WrapChecked>True</WrapChecked><ObjID>82933</ObjID></Object><Object><Type>TYPE</Type><Schema>C##DBSS</Schema><Name>G_STMNT_OT</Name><Valid>True</Valid><Enabled>False</Enabled><XtraData>3</XtraData><XtraFlag>0</XtraFlag><Table>OBJECT</Table><TableSchema></TableSchema><Wrapped>False</Wrapped><WrapChecked>True</WrapChecked><ObjID>82952</ObjID></Object></History>
