<History><Object><Type>TABLE</Type><Schema>DBSS</Schema><Name>LOGGER_LOGS</Name><Valid>True</Valid><Enabled>True</Enabled><XtraData>ID</XtraData><XtraFlag>1</XtraFlag><Table>USERS</Table><TableSchema>2
Yes
Disabled

Default
Default
Yes
</TableSchema><Wrapped>False</Wrapped><WrapChecked>True</WrapChecked><ObjID>20185</ObjID></Object><Object><Type>PACKAGE BODY</Type><Schema>DBSS</Schema><Name>DBSS_IO</Name><Valid>False</Valid><Enabled>True</Enabled><XtraData></XtraData><XtraFlag>-1</XtraFlag><Table></Table><TableSchema></TableSchema><Wrapped>False</Wrapped><WrapChecked>True</WrapChecked><ObjID>20159</ObjID></Object><Object><Type>PACKAGE</Type><Schema>SYS</Schema><Name>LOGGER</Name><Valid>False</Valid><Enabled>True</Enabled><XtraData></XtraData><XtraFlag>-1</XtraFlag><Table></Table><TableSchema></TableSchema><Wrapped>False</Wrapped><WrapChecked>True</WrapChecked><ObjID>20182</ObjID></Object><Object><Type>TABLE</Type><Schema>SYS</Schema><Name>LOGGER_LOGS</Name><Valid>True</Valid><Enabled>True</Enabled><XtraData>ID</XtraData><XtraFlag>1</XtraFlag><Table>SYSTEM</Table><TableSchema>
Yes
Disabled

Default
Default
Yes
</TableSchema><Wrapped>False</Wrapped><WrapChecked>True</WrapChecked><ObjID>20160</ObjID></Object><Object><Type>PACKAGE</Type><Schema>SYS</Schema><Name>DBMS_BACKUP_RESTORE</Name><Valid>True</Valid><Enabled>True</Enabled><XtraData></XtraData><XtraFlag>0</XtraFlag><Table>K</Table><TableSchema></TableSchema><Wrapped>False</Wrapped><WrapChecked>True</WrapChecked><ObjID>8905</ObjID></Object><Object><Type>PACKAGE</Type><Schema>DBSS</Schema><Name>DBSS_ADM</Name><Valid>True</Valid><Enabled>True</Enabled><XtraData></XtraData><XtraFlag>0</XtraFlag><Table>K</Table><TableSchema></TableSchema><Wrapped>False</Wrapped><WrapChecked>True</WrapChecked><ObjID>20154</ObjID></Object><Object><Type>PACKAGE</Type><Schema>DBSS</Schema><Name>IO</Name><Valid>True</Valid><Enabled>True</Enabled><XtraData></XtraData><XtraFlag>0</XtraFlag><Table>X</Table><TableSchema></TableSchema><Wrapped>False</Wrapped><WrapChecked>True</WrapChecked><ObjID>20156</ObjID></Object><Object><Type>USER</Type><Schema></Schema><Name>DBSS</Name><Valid>True</Valid><Enabled>True</Enabled><XtraData>OPEN</XtraData><XtraFlag>-1</XtraFlag><Table>USERS</Table><TableSchema>TEMP</TableSchema><Wrapped>False</Wrapped><WrapChecked>True</WrapChecked><ObjID>50</ObjID></Object><Object><Type>VIEW</Type><Schema>SYS</Schema><Name>DBA_DIRECTORIES</Name><Valid>True</Valid><Enabled>True</Enabled><XtraData>ColumnName	ColID	Null	DataType	Default	Comments	Updatable	SearchedForComment	RealDataType	IsBinaryXML
OWNER	1	N	VARCHAR2 (30 Byte)					VARCHAR2	False
DIRECTORY_NAME	2	N	VARCHAR2 (30 Byte)					VARCHAR2	False
DIRECTORY_PATH	3	Y	VARCHAR2 (4000 Byte)					VARCHAR2	False
</XtraData><XtraFlag>-1</XtraFlag><Table></Table><TableSchema></TableSchema><Wrapped>False</Wrapped><WrapChecked>True</WrapChecked><ObjID>3676</ObjID></Object><Object><Type>PACKAGE</Type><Schema>SYS</Schema><Name>AS_REPLAY</Name><Valid>True</Valid><Enabled>True</Enabled><XtraData></XtraData><XtraFlag>0</XtraFlag><Table>K</Table><TableSchema></TableSchema><Wrapped>False</Wrapped><WrapChecked>True</WrapChecked><ObjID>11992</ObjID></Object><Object><Type>PACKAGE</Type><Schema>SYS</Schema><Name>DBSS_SUBT</Name><Valid>True</Valid><Enabled>True</Enabled><XtraData></XtraData><XtraFlag>0</XtraFlag><Table>K</Table><TableSchema></TableSchema><Wrapped>False</Wrapped><WrapChecked>True</WrapChecked><ObjID>20143</ObjID></Object><Object><Type>PACKAGE</Type><Schema>SYS</Schema><Name>STYPES</Name><Valid>True</Valid><Enabled>True</Enabled><XtraData></XtraData><XtraFlag>0</XtraFlag><Table>K</Table><TableSchema></TableSchema><Wrapped>False</Wrapped><WrapChecked>True</WrapChecked><ObjID>20140</ObjID></Object><Object><Type>PACKAGE</Type><Schema>SYS</Schema><Name>DBMS_OBJECTS_UTILS</Name><Valid>True</Valid><Enabled>True</Enabled><XtraData></XtraData><XtraFlag>0</XtraFlag><Table>K</Table><TableSchema></TableSchema><Wrapped>False</Wrapped><WrapChecked>True</WrapChecked><ObjID>8711</ObjID></Object><Object><Type>USER</Type><Schema></Schema><Name>APEX_PUBLIC_USER</Name><Valid>True</Valid><Enabled>True</Enabled><XtraData>LOCKED</XtraData><XtraFlag>-1</XtraFlag><Table>SYSTEM</Table><TableSchema>TEMP</TableSchema><Wrapped>False</Wrapped><WrapChecked>True</WrapChecked><ObjID>45</ObjID></Object><Object><Type>PACKAGE</Type><Schema>SYS</Schema><Name>IO</Name><Valid>True</Valid><Enabled>True</Enabled><XtraData></XtraData><XtraFlag>0</XtraFlag><Table>X</Table><TableSchema></TableSchema><Wrapped>False</Wrapped><WrapChecked>True</WrapChecked><ObjID>20089</ObjID></Object><Object><Type>PACKAGE</Type><Schema>SYS</Schema><Name>ADM</Name><Valid>True</Valid><Enabled>True</Enabled><XtraData></XtraData><XtraFlag>0</XtraFlag><Table>K</Table><TableSchema></TableSchema><Wrapped>False</Wrapped><WrapChecked>True</WrapChecked><ObjID>20094</ObjID></Object><Object><Type>PACKAGE</Type><Schema>SYS</Schema><Name>DBSS_UTILS</Name><Valid>True</Valid><Enabled>True</Enabled><XtraData></XtraData><XtraFlag>0</XtraFlag><Table>K</Table><TableSchema></TableSchema><Wrapped>False</Wrapped><WrapChecked>True</WrapChecked><ObjID>20086</ObjID></Object><Object><Type>PACKAGE</Type><Schema>DBSS</Schema><Name>ADM</Name><Valid>True</Valid><Enabled>True</Enabled><XtraData></XtraData><XtraFlag>0</XtraFlag><Table>K</Table><TableSchema></TableSchema><Wrapped>False</Wrapped><WrapChecked>True</WrapChecked><ObjID>20134</ObjID></Object><Object><Type>PACKAGE BODY</Type><Schema>SYS</Schema><Name>IO</Name><Valid>False</Valid><Enabled>True</Enabled><XtraData></XtraData><XtraFlag>0</XtraFlag><Table>XX</Table><TableSchema></TableSchema><Wrapped>False</Wrapped><WrapChecked>True</WrapChecked><ObjID>20097</ObjID></Object><Object><Type>USER</Type><Schema></Schema><Name>SYS</Name><Valid>True</Valid><Enabled>True</Enabled><XtraData>OPEN</XtraData><XtraFlag>-1</XtraFlag><Table>SYSTEM</Table><TableSchema>TEMP</TableSchema><Wrapped>False</Wrapped><WrapChecked>True</WrapChecked><ObjID>0</ObjID></Object><Object><Type>PACKAGE BODY</Type><Schema>DBSS</Schema><Name>ADM</Name><Valid>False</Valid><Enabled>True</Enabled><XtraData></XtraData><XtraFlag>0</XtraFlag><Table></Table><TableSchema></TableSchema><Wrapped>False</Wrapped><WrapChecked>True</WrapChecked><ObjID>20109</ObjID></Object><Object><Type>PACKAGE</Type><Schema>SYS</Schema><Name>DBMS_DB_VERSION</Name><Valid>True</Valid><Enabled>True</Enabled><XtraData></XtraData><XtraFlag>0</XtraFlag><Table>K</Table><TableSchema></TableSchema><Wrapped>False</Wrapped><WrapChecked>True</WrapChecked><ObjID>8182</ObjID></Object><Object><Type>VIEW</Type><Schema>SYS</Schema><Name>ALL_USERS</Name><Valid>True</Valid><Enabled>True</Enabled><XtraData>ColumnName	ColID	Null	DataType	Default	Comments	Updatable	SearchedForComment	RealDataType	IsBinaryXML
USERNAME	1	N	VARCHAR2 (30 Byte)					VARCHAR2	False
USER_ID	2	N	NUMBER					NUMBER	False
CREATED	3	N	DATE					DATE	False
</XtraData><XtraFlag>-1</XtraFlag><Table></Table><TableSchema></TableSchema><Wrapped>False</Wrapped><WrapChecked>True</WrapChecked><ObjID>3531</ObjID></Object></History>
