<ToadOracle>
	<FileVersion Encryption="AES">1</FileVersion>
	<ConnectionHierarchy>
		<DbPlatform name="Oracle">
			<Connections>
				<Connection type="Oracle">
					<User>
						<![CDATA[SYS]]>
					</User>
					<Server>DB122NON</Server>
					<AutoConnect>False</AutoConnect>
					<Home>C:\Software\Oracle\database\product\12.2.0\dbhome_1</Home>
					<SavePassword>False</SavePassword>
					<Password>kB5XCzizKGKEtQybu/wqngS1U+ZZr2itymbWBw==</Password>
					<Favorite>False</Favorite>
					<SessionReadOnly>False</SessionReadOnly>
					<Alias/>
					<Host/>
					<InstanceName/>
					<Sid/>
					<Port/>
					<LDAP/>
					<ConnectionType>Client</ConnectionType>
					<Protocol/>
					<Color>255</Color>
					<ConnectionMode>SYSDBA</ConnectionMode>
					<LastConnectionDate>2018-06-13T13:30:56.001Z</LastConnectionDate>
					<RelativePosition>8</RelativePosition>
					<GUID>{26ACEC16-E29B-48BC-AA5E-6688B1A6F6ED}</GUID>
					<CustomFields/>
				</Connection>
				<Connection type="Oracle">
					<User>
						<![CDATA[SYS]]>
					</User>
					<Server>DB122CDB</Server>
					<AutoConnect>False</AutoConnect>
					<Home>C:\Software\Oracle\database\product\12.2.0\dbhome_1</Home>
					<SavePassword>False</SavePassword>
					<Password>sIWXxe49dVrF1L4HGs0fUMypKsuWRpLOVQlvNQ==</Password>
					<Favorite>False</Favorite>
					<SessionReadOnly>False</SessionReadOnly>
					<Alias/>
					<Host/>
					<InstanceName/>
					<Sid/>
					<Port/>
					<LDAP/>
					<ConnectionType>Client</ConnectionType>
					<Protocol/>
					<Color>255</Color>
					<ConnectionMode>SYSDBA</ConnectionMode>
					<LastConnectionDate>2018-06-13T13:25:24.506Z</LastConnectionDate>
					<RelativePosition>7</RelativePosition>
					<GUID>{ED3913BF-2FE5-4A84-A955-4D3FCBBA3ED4}</GUID>
					<CustomFields/>
				</Connection>
				<Connection type="Oracle">
					<User>
						<![CDATA[WWE]]>
					</User>
					<Server>VM_PDB</Server>
					<AutoConnect>False</AutoConnect>
					<Home>C:\Software\Oracle\database\product\12.2.0\dbhome_1</Home>
					<SavePassword>False</SavePassword>
					<Password>SDgNppEB85KXKIdZUEmSSyLeoke2SGoGodTFnA==</Password>
					<Favorite>False</Favorite>
					<SessionReadOnly>False</SessionReadOnly>
					<Alias/>
					<Host/>
					<InstanceName/>
					<Sid/>
					<Port/>
					<LDAP/>
					<ConnectionType>Client</ConnectionType>
					<Protocol/>
					<Color>65280</Color>
					<ConnectionMode>Default</ConnectionMode>
					<LastConnectionDate>2018-06-06T10:52:12.254Z</LastConnectionDate>
					<RelativePosition>8</RelativePosition>
					<GUID>{B6482D57-BCD7-4D70-A664-B2E085524DA6}</GUID>
					<CustomFields/>
				</Connection>
				<Connection type="Oracle">
					<User>
						<![CDATA[SYS]]>
					</User>
					<Server>VM_PDB</Server>
					<AutoConnect>False</AutoConnect>
					<Home>C:\Software\Oracle\database\product\12.2.0\dbhome_1</Home>
					<SavePassword>False</SavePassword>
					<Password>U2IgyWPxddDgdfMZpBewZmlGsSmT2eF512XIiQ==</Password>
					<Favorite>False</Favorite>
					<SessionReadOnly>False</SessionReadOnly>
					<Alias/>
					<Host/>
					<InstanceName/>
					<Sid/>
					<Port/>
					<LDAP/>
					<ConnectionType>Client</ConnectionType>
					<Protocol/>
					<Color>8388736</Color>
					<ConnectionMode>SYSDBA</ConnectionMode>
					<LastConnectionDate>2018-06-06T10:34:38.585Z</LastConnectionDate>
					<RelativePosition>7</RelativePosition>
					<GUID>{5835FB7C-4F0A-442D-9AD8-FB610C105CC1}</GUID>
					<CustomFields/>
				</Connection>
				<Connection type="Oracle">
					<User>
						<![CDATA[SYS]]>
					</User>
					<Server>VM_CDB</Server>
					<AutoConnect>False</AutoConnect>
					<Home>C:\Software\Oracle\database\product\12.2.0\dbhome_1</Home>
					<SavePassword>False</SavePassword>
					<Password>yB1sVB3V1rBXjr6SPkv5kcoJkNL/pYqKcIRZng==</Password>
					<Favorite>False</Favorite>
					<SessionReadOnly>False</SessionReadOnly>
					<Alias/>
					<Host/>
					<InstanceName/>
					<Sid/>
					<Port/>
					<LDAP/>
					<ConnectionType>Client</ConnectionType>
					<Protocol/>
					<Color>255</Color>
					<ConnectionMode>SYSDBA</ConnectionMode>
					<LastConnectionDate>2018-06-06T08:09:40.390Z</LastConnectionDate>
					<RelativePosition>6</RelativePosition>
					<GUID>{EAC22A12-D86E-42C9-817D-5E61B1C9F419}</GUID>
					<CustomFields/>
				</Connection>
				<Connection type="Oracle">
					<User>
						<![CDATA[UT3]]>
					</User>
					<Server>VM_PDB</Server>
					<AutoConnect>False</AutoConnect>
					<Home>C:\Software\Oracle\database\product\12.2.0\dbhome_1</Home>
					<SavePassword>False</SavePassword>
					<Password>OdTvthoNnczNG3bJHMK6CoFwEeg8JrtJGJuk9Q==</Password>
					<Favorite>False</Favorite>
					<SessionReadOnly>False</SessionReadOnly>
					<Alias/>
					<Host/>
					<InstanceName/>
					<Sid/>
					<Port/>
					<LDAP/>
					<ConnectionType>Client</ConnectionType>
					<Protocol/>
					<Color>16711680</Color>
					<ConnectionMode>Default</ConnectionMode>
					<LastConnectionDate>2018-05-08T18:37:00.954Z</LastConnectionDate>
					<RelativePosition>5</RelativePosition>
					<GUID>{98C55E24-9A5E-4481-98FD-0A4C2F79564D}</GUID>
					<CustomFields/>
				</Connection>
			</Connections>
		</DbPlatform>
	</ConnectionHierarchy>
</ToadOracle>
